date,flight_number,tail_number,origin_airport,destination_airport,scheduled_departure_time,scheduled_arrival_time,actual_departure_time,actual_arrival_time,wheels_off_time,wheels_on_time,departure_delay,arrival_delay,carrier_delay,weather_delay,nas_delay,security_delay,late_aircraft_delay,cancelled,cancellation_code,diverted,diverted_reached_destination,diverted_airport_landings
2010-04-27,CO:633,N34282,LGA,IAH,5.75,9.35,5.71667,9.21667,5.85,9.1,-0.0333333,-0.133333,0,0,0,0,0,False,Z,False,,0
2010-04-27,MQ:4563,N713MQ,CMH,LGA,5.75,7.25,5.6,6.9,5.71667,6.85,-0.15,-0.35,0,0,0,0,0,False,Z,False,,0
2010-04-27,AA:301,N437AA,LGA,ORD,6,8.26667,5.9,8.11667,6.1,7.98333,-0.1,-0.15,0,0,0,0,0,False,Z,False,,0
2010-04-27,UA:669,N847UA,LGA,ORD,6,8.28333,5.93333,8.3,6.15,8.2,-0.0666667,0.0166667,0,0,0,0,0,False,Z,False,,0
2010-04-27,AA:1935,N5EJAA,LGA,MIA,6,9,5.95,8.7,6.13333,8.58333,-0.05,-0.3,0,0,0,0,0,False,Z,False,,0
2010-04-27,B6:371,N503JB,LGA,FLL,6,8.91667,5.98333,8.95,6.4,8.86667,-0.0166667,0.0333333,0,0,0,0,0,False,Z,False,,0
2010-04-27,DL:531,N668DN,LGA,ATL,6,8.51667,5.9,8.68333,6.48333,8.43333,-0.1,0.166667,0,0,0,0,0,False,Z,False,,0
2010-04-27,FL:359,N311AT,LGA,ATL,6,8.58333,5.86667,8.06667,6.01667,7.98333,-0.133333,-0.516667,0,0,0,0,0,False,Z,False,,0
2010-04-27,DL:2283,N331NW,LGA,DTW,6,8.51667,5.96667,8.48333,6.28333,8.38333,-0.0333333,-0.0333333,0,0,0,0,0,False,Z,False,,0
2010-04-27,EV:7019,N833AS,LGA,IAD,6,7.28333,5.91667,7.1,6.16667,7.01667,-0.0833333,-0.183333,0,0,0,0,0,False,Z,False,,0
2010-04-27,MQ:4424,N734MQ,LGA,RDU,6,7.66667,5.88333,7.6,6.43333,7.53333,-0.116667,-0.0666667,0,0,0,0,0,False,Z,False,,0
2010-04-27,US:2114,N954UW,LGA,BOS,6,7.08333,5.91667,7.06667,6.35,6.9,-0.0833333,-0.0166667,0,0,0,0,0,False,Z,False,,0
2010-04-27,US:2161,N763US,LGA,DCA,6,6.98333,5.9,6.98333,6.2,6.91667,-0.1,0,0,0,0,0,0,False,Z,False,,0
2010-04-27,US:1267,N958UW,LGA,PHL,6,6.95,5.9,6.96667,6.25,6.86667,-0.1,0.0166667,0,0,0,0,0,False,Z,False,,0
2010-04-27,WN:2974,N355SW,LGA,MDW,6,8.41667,6.03333,8.18333,6.41667,8.16667,0.0333333,-0.233333,0,0,0,0,0,False,Z,False,,0
2010-04-27,9E:3668,85059E,TYS,LGA,6,8.23333,5.91667,8.23333,6.48333,8.03333,-0.0833333,0,0,0,0,0,0,False,Z,False,,0
2010-04-27,9E:3759,89389E,BGR,LGA,6,7.83333,5.83333,7.88333,6.45,7.65,-0.166667,0.05,0,0,0,0,0,False,Z,False,,0
2010-04-27,B6:370,N590JB,FLL,LGA,6,8.95,5.91667,8.75,6.21667,8.56667,-0.0833333,-0.2,0,0,0,0,0,False,Z,False,,0
2010-04-27,MQ:4420,N722MQ,BOS,LGA,6,7.25,5.9,7.21667,6.25,7.05,-0.1,-0.0333333,0,0,0,0,0,False,Z,False,,0
2010-04-27,US:2115,N948UW,BOS,LGA,6,7.1,5.85,7.03333,6.08333,6.93333,-0.15,-0.0666667,0,0,0,0,0,False,Z,False,,0
2010-04-27,MQ:4451,N736MQ,RDU,LGA,6,7.5,5.95,7.28333,6.13333,7.23333,-0.05,-0.216667,0,0,0,0,0,False,Z,False,,0
2010-04-27,OH:6503,N538CA,JAX,LGA,6,8.5,5.91667,8.25,6.2,8.16667,-0.0833333,-0.25,0,0,0,0,0,False,Z,False,,0
2010-04-27,US:2158,N767UW,DCA,LGA,6,6.98333,5.93333,6.86667,6.15,6.78333,-0.0666667,-0.116667,0,0,0,0,0,False,Z,False,,0
2010-04-27,AA:705,N459AA,LGA,DFW,6.08333,9.83333,5.96667,9.88333,6.36667,9.75,-0.116667,0.05,0,0,0,0,0,False,Z,False,,0
2010-04-27,OH:6497,N675BR,PWM,LGA,6.08333,7.5,6,7.41667,6.08333,7.25,-0.0833333,-0.0833333,0,0,0,0,0,False,Z,False,,0
2010-04-27,OH:6426,N691CA,LGA,CVG,6.16667,8.33333,6.08333,8.15,6.53333,8,-0.0833333,-0.183333,0,0,0,0,0,False,Z,False,,0
2010-04-27,AA:1114,N5CKAA,MIA,LGA,6.16667,9.16667,6.18333,9,6.41667,8.85,0.0166667,-0.166667,0,0,0,0,0,False,Z,False,,0
2010-04-27,DL:2188,N358NW,LGA,MSP,6.33333,9.18333,6.25,9.01667,6.58333,8.91667,-0.0833333,-0.166667,0,0,0,0,0,False,Z,False,,0
2010-04-27,US:883,N165US,LGA,CLT,6.41667,8.38333,6.33333,8.45,6.66667,8.35,-0.0833333,0.0666667,0,0,0,0,0,False,Z,False,,0
2010-04-27,OH:6623,N973CA,LGA,RDU,6.5,8.35,6.5,8.08333,6.85,8,0,-0.266667,0,0,0,0,0,False,Z,False,,0
2010-04-27,DL:1370,N906DE,LGA,BOS,6.5,7.58333,6.48333,7.45,6.73333,7.28333,-0.0166667,-0.133333,0,0,0,0,0,False,Z,False,,0
2010-04-27,DL:1373,N914DE,BOS,LGA,6.5,7.71667,6.46667,7.88333,6.91667,7.8,-0.0333333,0.166667,0,0,0,0,0,False,Z,False,,0
2010-04-27,OH:6532,N676CA,RDU,LGA,6.5,8.23333,6.41667,7.83333,6.66667,7.68333,-0.0833333,-0.4,0,0,0,0,0,False,Z,False,,0
2010-04-27,CO:333,N78285,LGA,IAH,6.58333,10.2833,6.71667,10.3833,6.96667,10.2833,0.133333,0.1,0,0,0,0,0,False,Z,False,,0
2010-04-27,DL:2271,N320NB,LGA,MEM,6.58333,9.46667,6.46667,9.25,6.86667,9.16667,-0.116667,-0.216667,0,0,0,0,0,False,Z,False,,0
2010-04-27,OH:6722,N720SW,RIC,LGA,6.58333,7.96667,6.5,7.91667,6.91667,7.83333,-0.0833333,-0.05,0,0,0,0,0,False,Z,False,,0
2010-04-27,MQ:4577,N800MQ,DTW,LGA,6.6,7.75,6.56667,7.51667,6.88333,7.46667,-0.0333333,-0.233333,0,0,0,0,0,False,Z,False,,0
2010-04-27,AA:303,N4WUAA,LGA,ORD,6.66667,9,6.55,8.91667,6.88333,8.7,-0.116667,-0.0833333,0,0,0,0,0,False,Z,False,,0
2010-04-27,DL:1515,N966DL,LGA,MCO,6.66667,9.4,6.45,9.23333,6.91667,9.13333,-0.216667,-0.166667,0,0,0,0,0,False,Z,False,,0
2010-04-27,FL:210,N299AT,LGA,MKE,6.66667,8.91667,6.53333,8.6,6.81667,8.55,-0.133333,-0.316667,0,0,0,0,0,False,Z,False,,0
2010-04-27,DL:1766,N629DL,ATL,LGA,6.66667,8.88333,6.63333,8.9,6.85,8.71667,-0.0333333,0.0166667,0,0,0,0,0,False,Z,False,,0
2010-04-27,FL:199,N936AT,CAK,LGA,6.66667,8.18333,9.66667,11.0167,9.86667,10.9167,3,2.83333,2.83333,0,0,0,0,False,Z,False,,0
2010-04-27,MQ:4488,N719MQ,CRW,LGA,6.66667,8.33333,6.71667,8.16667,6.81667,8,0.05,-0.166667,0,0,0,0,0,False,Z,False,,0
2010-04-27,DL:2614,N369NB,DTW,LGA,6.68333,7.91667,6.73333,7.91667,6.95,7.55,0.05,0,0,0,0,0,0,False,Z,False,,0
2010-04-27,YV:7291,N27185,IAD,LGA,6.7,8.01667,6.6,7.78333,7,7.7,-0.1,-0.233333,0,0,0,0,0,False,Z,False,,0
2010-04-27,MQ:4464,N730MQ,LGA,BOS,6.75,7.83333,6.7,7.66667,6.98333,7.55,-0.05,-0.166667,0,0,0,0,0,False,Z,False,,0
2010-04-27,AA:1535,N5EBAA,LGA,MIA,6.83333,9.83333,6.66667,9.73333,7.06667,9.6,-0.166667,-0.1,0,0,0,0,0,False,Z,False,,0
2010-04-27,AA:398,N4XCAA,ORD,LGA,6.91667,9.08333,6.96667,9.06667,7.16667,8.91667,0.05,-0.0166667,0,0,0,0,0,False,Z,False,,0
2010-04-27,MQ:4534,N717MQ,LGA,XNA,6.98333,10.3333,6.93333,10.3333,7.31667,10.2333,-0.05,0,0,0,0,0,0,False,Z,False,,0
2010-04-27,UA:668,N473UA,ORD,LGA,6.98333,9.36667,6.93333,8.83333,7.08333,8.78333,-0.05,-0.533333,0,0,0,0,0,False,Z,False,,0
2010-04-27,UA:667,N848UA,LGA,ORD,7,9.45,6.91667,9.06667,7.16667,8.95,-0.0833333,-0.383333,0,0,0,0,0,False,Z,False,,0
2010-04-27,DL:1771,N6714Q,LGA,ATL,7,9.53333,6.85,9.65,7.58333,9.53333,-0.15,0.116667,0,0,0,0,0,False,Z,False,,0
2010-04-27,DL:2509,N318US,LGA,DTW,7,9.56667,6.85,9.26667,7.11667,9.15,-0.15,-0.3,0,0,0,0,0,False,Z,False,,0
2010-04-27,US:2116,N946UW,LGA,BOS,7,8.06667,6.91667,8,7.23333,7.85,-0.0833333,-0.0666667,0,0,0,0,0,False,Z,False,,0
2010-04-27,US:2163,N751UW,LGA,DCA,7,8.15,6.91667,7.93333,7.13333,7.83333,-0.0833333,-0.216667,0,0,0,0,0,False,Z,False,,0
2010-04-27,DL:1156,N974DL,FLL,LGA,7,10.1167,6.93333,9.76667,7.21667,9.6,-0.0666667,-0.35,0,0,0,0,0,False,Z,False,,0
2010-04-27,US:2117,N953UW,BOS,LGA,7,8.33333,6.95,8.33333,7.28333,8.25,-0.05,0,0,0,0,0,0,False,Z,False,,0
2010-04-27,US:2160,N750UW,DCA,LGA,7,8.28333,6.85,8.4,7.43333,8.28333,-0.15,0.116667,0,0,0,0,0,False,Z,False,,0
2010-04-27,AA:700,N3ABAA,DFW,LGA,7,10.6667,7,10.0833,7.25,9.91667,0,-0.583333,0,0,0,0,0,False,Z,False,,0
2010-04-27,OH:6708,N582CA,MCI,LGA,7,9.98333,6.91667,9.66667,7.08333,9.43333,-0.0833333,-0.316667,0,0,0,0,0,False,Z,False,,0
2010-04-27,9E:4163,80269E,CHS,LGA,7,9.23333,6.91667,8.83333,7.2,8.66667,-0.0833333,-0.4,0,0,0,0,0,False,Z,False,,0
2010-04-27,DL:1442,N936DL,MCO,LGA,7,9.68333,6.95,9.58333,7.31667,9.38333,-0.05,-0.1,0,0,0,0,0,False,Z,False,,0
2010-04-27,DL:2458,N342NB,PBI,LGA,7,9.8,6.95,9.56667,7.13333,9.48333,-0.05,-0.233333,0,0,0,0,0,False,Z,False,,0
2010-04-27,OH:6360,N712CA,CVG,LGA,7,9.16667,7,9,7.35,8.81667,0,-0.166667,0,0,0,0,0,False,Z,False,,0
2010-04-27,AA:707,N575AA,LGA,DFW,7.08333,10.8333,7.58333,11.3667,7.98333,11.3167,0.5,0.533333,0.5,0,0.0333333,0,0,False,Z,False,,0
2010-04-27,MQ:4427,N820MQ,RDU,LGA,7.08333,8.83333,6.98333,8.36667,7.16667,8.3,-0.1,-0.466667,0,0,0,0,0,False,Z,False,,0
2010-04-27,DL:1097,N949DL,LGA,FLL,7.16667,10.2667,7.1,9.93333,7.45,9.86667,-0.0666667,-0.333333,0,0,0,0,0,False,Z,False,,0
2010-04-27,FL:363,N993AT,LGA,ATL,7.16667,9.63333,7.03333,9.9,7.71667,9.7,-0.133333,0.266667,0,0,0.266667,0,0,False,Z,False,,0
2010-04-27,MQ:4490,N725MQ,BOS,LGA,7.25,8.58333,10.4333,11.65,10.7,11.45,3.18333,3.06667,3.06667,0,0,0,0,False,Z,False,,0
2010-04-27,DL:2452,N371NB,MSY,LGA,7.25,10.35,7.18333,9.9,7.36667,9.76667,-0.0666667,-0.45,0,0,0,0,0,False,Z,False,,0
2010-04-27,DL:2254,N302NB,TPA,LGA,7.25,10,7.73333,10.4333,8.08333,10.2,0.483333,0.433333,0.433333,0,0,0,0,False,Z,False,,0
2010-04-27,OH:6510,N408CA,ORF,LGA,7.25,8.61667,7.08333,8.51667,7.36667,8.4,-0.166667,-0.1,0,0,0,0,0,False,Z,False,,0
2010-04-27,AA:305,N513AA,LGA,ORD,7.33333,9.75,7.2,9.6,7.56667,9.48333,-0.133333,-0.15,0,0,0,0,0,False,Z,False,,0
2010-04-27,WN:2626,N425LV,LGA,BWI,7.33333,8.66667,7.3,8.26667,7.53333,8.15,-0.0333333,-0.4,0,0,0,0,0,False,Z,False,,0
2010-04-27,9E:3672,86319E,GSP,LGA,7.33333,9.5,7.21667,9.46667,7.66667,9.16667,-0.116667,-0.0333333,0,0,0,0,0,False,Z,False,,0
2010-04-27,CO:733,N38727,LGA,IAH,7.4,11.0833,7.35,11.2333,7.66667,11.1333,-0.05,0.15,0,0,0,0,0,False,Z,False,,0
2010-04-27,DL:1372,N907DL,LGA,BOS,7.5,8.65,7.46667,8.56667,7.78333,8.31667,-0.0333333,-0.0833333,0,0,0,0,0,False,Z,False,,0
2010-04-27,DL:1549,N994DL,LGA,TPA,7.5,10.4,7.36667,10.5833,7.93333,10.5167,-0.133333,0.183333,0,0,0,0,0,False,Z,False,,0
2010-04-27,DL:1375,N916DE,BOS,LGA,7.5,8.71667,7.48333,8.7,7.83333,8.61667,-0.0166667,-0.0166667,0,0,0,0,0,False,Z,False,,0
2010-04-27,B6:363,N504JB,LGA,PBI,7.58333,10.45,7.43333,10.2333,7.86667,10.1667,-0.15,-0.216667,0,0,0,0,0,False,Z,False,,0
2010-04-27,MQ:4474,N712MQ,CLE,LGA,7.58333,9.33333,7.93333,9.25,8.16667,9.18333,0.35,-0.0833333,0,0,0,0,0,False,Z,False,,0
2010-04-27,OH:6348,N962CA,SAV,LGA,7.58333,9.91667,7.5,9.6,7.75,9.35,-0.0833333,-0.316667,0,0,0,0,0,False,Z,False,,0
2010-04-27,AA:2015,N612AA,LGA,MIA,7.66667,10.8333,7.6,10.8833,7.96667,10.4833,-0.0666667,0.05,0,0,0,0,0,False,Z,False,,0
2010-04-27,DL:1770,N680DA,ATL,LGA,7.66667,10.0333,7.6,9.7,7.96667,9.56667,-0.0666667,-0.333333,0,0,0,0,0,False,Z,False,,0
2010-04-27,MQ:4512,N735MQ,XNA,LGA,7.66667,10.8333,10.7167,13.8167,10.95,13.7,3.05,2.98333,2.98333,0,0,0,0,False,Z,False,,0
2010-04-27,9E:3922,86949E,IND,LGA,7.88333,9.5,7.85,9.25,8.1,8.9,-0.0333333,-0.25,0,0,0,0,0,False,Z,False,,0
2010-04-27,MQ:4439,N722MQ,LGA,RDU,7.91667,9.58333,7.85,9.31667,8.1,9.23333,-0.0666667,-0.266667,0,0,0,0,0,False,Z,False,,0
2010-04-27,AA:1855,N447AA,LGA,STL,7.91667,10.5833,7.8,10.1167,8.01667,10.05,-0.116667,-0.466667,0,0,0,0,0,False,Z,False,,0
2010-04-27,OH:6707,N678CA,LGA,MCI,7.91667,11.0667,8.25,11.1667,8.63333,11,0.333333,0.1,0,0,0,0,0,False,Z,False,,0
2010-04-27,MQ:4535,N833MQ,CMH,LGA,7.91667,9.75,7.96667,9.46667,8.23333,9.4,0.05,-0.283333,0,0,0,0,0,False,Z,False,,0
2010-04-27,AA:394,N5EEAA,ORD,LGA,7.91667,10.0833,7.91667,10.0333,8.18333,9.95,0,-0.05,0,0,0,0,0,False,Z,False,,0
2010-04-27,UA:536,N851UA,ORD,LGA,7.91667,10.1667,7.85,9.73333,8.01667,9.65,-0.0666667,-0.433333,0,0,0,0,0,False,Z,False,,0
2010-04-27,DL:2356,N301NB,MSP,LGA,7.91667,10.8167,7.95,10.6667,8.2,10.45,0.0333333,-0.15,0,0,0,0,0,False,Z,False,,0
2010-04-27,FL:642,N987AT,PHF,LGA,7.91667,9.28333,7.81667,9.3,8.3,9.21667,-0.1,0.0166667,0,0,0,0,0,False,Z,False,,0
2010-04-27,DL:1773,N669DN,LGA,ATL,8,10.6167,7.93333,10.45,8.36667,10.2833,-0.0666667,-0.166667,0,0,0,0,0,False,Z,False,,0
2010-04-27,US:2118,N948UW,LGA,BOS,8,9.08333,7.91667,8.93333,8.26667,8.81667,-0.0833333,-0.15,0,0,0,0,0,False,Z,False,,0
2010-04-27,US:2165,N767UW,LGA,DCA,8,9.16667,7.86667,9.01667,8.16667,8.9,-0.133333,-0.15,0,0,0,0,0,False,Z,False,,0
2010-04-27,AA:709,N556AA,LGA,DFW,8,11.8333,7.93333,11.6,8.21667,11.5,-0.0666667,-0.233333,0,0,0,0,0,False,Z,False,,0
2010-04-27,FL:282,N940AT,LGA,PHF,8,9.26667,7.86667,9.08333,8.18333,9,-0.133333,-0.183333,0,0,0,0,0,False,Z,False,,0
2010-04-27,UA:361,N537UA,LGA,DEN,8,12.6667,7.88333,12.25,8.38333,12.0667,-0.116667,-0.416667,0,0,0,0,0,False,Z,False,,0
2010-04-27,US:2119,N954UW,BOS,LGA,8,9.26667,7.85,9.16667,8.18333,9.08333,-0.15,-0.1,0,0,0,0,0,False,Z,False,,0
2010-04-27,US:2162,N763US,DCA,LGA,8,9.25,7.88333,9.15,8.35,9.05,-0.116667,-0.1,0,0,0,0,0,False,Z,False,,0
2010-04-27,AA:704,N525AA,DFW,LGA,8,11.6667,7.95,11.1,8.35,11.0333,-0.05,-0.566667,0,0,0,0,0,False,Z,False,,0
2010-04-27,OH:6236,N814CA,BHM,LGA,8,10.7667,7.83333,10.3833,8.08333,10.0833,-0.166667,-0.383333,0,0,0,0,0,False,Z,False,,0
2010-04-27,US:1050,N704US,CLT,LGA,8,9.88333,7.93333,9.63333,8.3,9.55,-0.0666667,-0.25,0,0,0,0,0,False,Z,False,,0
2010-04-27,DL:2368,N360NB,DTW,LGA,8.01667,9.25,7.96667,9.13333,8.28333,8.96667,-0.05,-0.116667,0,0,0,0,0,False,Z,False,,0
2010-04-27,UA:835,N836UA,LGA,ORD,8.03333,10.5667,7.96667,10.2333,8.25,10.0833,-0.0666667,-0.333333,0,0,0,0,0,False,Z,False,,0
2010-04-27,DL:2425,N322NB,LGA,PBI,8.08333,11.0333,7.93333,11.1167,8.41667,11.0333,-0.15,0.0833333,0,0,0,0,0,False,Z,False,,0
2010-04-27,MQ:4410,N734MQ,RDU,LGA,8.08333,9.83333,7.98333,9.45,8.28333,9.36667,-0.1,-0.383333,0,0,0,0,0,False,Z,False,,0
2010-04-27,MQ:4502,N736MQ,LGA,BOS,8.16667,9.33333,8.06667,9.06667,8.45,8.98333,-0.1,-0.266667,0,0,0,0,0,False,Z,False,,0
2010-04-27,AA:1256,N617AA,MIA,LGA,8.16667,11.1667,8.05,10.75,8.28333,10.6667,-0.116667,-0.416667,0,0,0,0,0,False,Z,False,,0
2010-04-27,CO:1575,N17619,CLE,LGA,8.16667,9.81667,8.01667,9.36667,8.23333,9.25,-0.15,-0.45,0,0,0,0,0,False,Z,False,,0
2010-04-27,US:1509,N184US,LGA,CLT,8.25,10.2167,8.21667,10.2833,8.58333,10.2,-0.0333333,0.0666667,0,0,0,0,0,False,Z,False,,0
2010-04-27,OH:6497,N675BR,LGA,CHS,8.25,10.7833,8.16667,10.5167,8.56667,10.4167,-0.0833333,-0.266667,0,0,0,0,0,False,Z,False,,0
2010-04-27,YV:7318,N37218,IAD,LGA,8.25,9.56667,8.48333,10.05,9.3,9.98333,0.233333,0.483333,0.483333,0,0,0,0,False,Z,False,,0
2010-04-27,DL:2525,N338NB,LGA,MSP,8.33333,11.3333,8.33333,11.15,8.45,11.0833,0,-0.183333,0,0,0,0,0,False,Z,False,,0
2010-04-27,AA:1088,N537AA,BNA,LGA,8.33333,10.5833,8.28333,10.3333,8.48333,10.2167,-0.05,-0.25,0,0,0,0,0,False,Z,False,,0
2010-04-27,MQ:4567,N800MQ,LGA,BNA,8.41667,10.9167,8.4,10.7667,8.68333,10.6833,-0.0166667,-0.15,0,0,0,0,0,False,Z,False,,0
2010-04-27,MQ:4495,N730MQ,BOS,LGA,8.41667,9.75,8.3,9.85,8.93333,9.75,-0.116667,0.1,0,0,0,0,0,False,Z,False,,0
2010-04-27,AA:2028,N553AA,STL,LGA,8.41667,10.9833,8.36667,10.65,8.53333,10.5833,-0.05,-0.333333,0,0,0,0,0,False,Z,False,,0
2010-04-27,FL:890,N981AT,IND,LGA,8.48333,9.83333,8.36667,9.38333,8.58333,9.3,-0.116667,-0.45,0,0,0,0,0,False,Z,False,,0
2010-04-27,DL:1374,N914DE,LGA,BOS,8.5,9.73333,8.46667,9.45,8.71667,9.28333,-0.0333333,-0.283333,0,0,0,0,0,False,Z,False,,0
2010-04-27,F9:505,N949FR,LGA,DEN,8.5,13.1,8.35,12.65,8.63333,12.5167,-0.15,-0.45,0,0,0,0,0,False,Z,False,,0
2010-04-27,DL:2521,N336NB,LGA,MSY,8.5,11.75,8.45,11.8167,8.78333,11.75,-0.05,0.0666667,0,0,0,0,0,False,Z,False,,0
2010-04-27,DL:1377,N906DE,BOS,LGA,8.5,9.78333,8.43333,9.81667,8.9,9.7,-0.0666667,0.0333333,0,0,0,0,0,False,Z,False,,0
2010-04-27,FL:351,N717JL,MKE,LGA,8.5,10.75,8.38333,10.5333,8.6,10.4333,-0.116667,-0.216667,0,0,0,0,0,False,Z,False,,0
2010-04-27,AA:309,N298AA,LGA,ORD,8.58333,11.1667,8.5,10.85,8.85,10.6167,-0.0833333,-0.316667,0,0,0,0,0,False,Z,False,,0
2010-04-27,9E:3662,89389E,LGA,IND,8.58333,11.9667,8.51667,11.9167,9.4,11.85,-0.0666667,-0.05,0,0,0,0,0,False,Z,False,,0
2010-04-27,DL:1772,N690DL,ATL,LGA,8.66667,11.1667,9.53333,11.6667,9.93333,11.5,0.866667,0.5,0.5,0,0,0,0,False,Z,False,,0
2010-04-27,MQ:4558,N733MQ,LGA,CLE,8.75,10.6667,8.55,10.2833,9.01667,10.2167,-0.2,-0.383333,0,0,0,0,0,False,Z,False,,0
2010-04-27,CO:332,N34222,IAH,LGA,8.75,12.4,8.68333,11.9167,8.93333,11.8,-0.0666667,-0.483333,0,0,0,0,0,False,Z,False,,0
2010-04-27,OH:6471,N720SW,LGA,SAV,8.83333,11.5,8.83333,11.75,9.78333,11.6667,0,0.25,0,0,0.25,0,0,False,Z,False,,0
2010-04-27,FL:326,N936AT,LGA,ATL,8.85,11.4333,11.5333,14.1667,12,14.0167,2.68333,2.73333,0,0,0.05,0,2.68333,False,Z,False,,0
2010-04-27,MQ:4443,N806MQ,LGA,RDU,8.91667,10.75,8.85,10.6667,9.43333,10.6167,-0.0666667,-0.0833333,0,0,0,0,0,False,Z,False,,0
2010-04-27,AA:392,N4XPAA,ORD,LGA,8.91667,11.25,8.91667,11,9.16667,10.9,0,-0.25,0,0,0,0,0,False,Z,False,,0
2010-04-27,UA:672,N816UA,ORD,LGA,8.91667,11.3167,8.85,10.8667,9.08333,10.8167,-0.0666667,-0.45,0,0,0,0,0,False,Z,False,,0
2010-04-27,AA:313,N596AA,LGA,ORD,9,11.6667,8.9,11.3,9.35,11.2333,-0.1,-0.366667,0,0,0,0,0,False,Z,False,,0
2010-04-27,UA:661,N419UA,LGA,ORD,9,11.5667,8.85,11.3167,9.3,11.1833,-0.15,-0.25,0,0,0,0,0,False,Z,False,,0
2010-04-27,DL:1775,N678DL,LGA,ATL,9,11.7333,8.91667,11.6833,9.58333,11.5333,-0.0833333,-0.05,0,0,0,0,0,False,Z,False,,0
2010-04-27,US:2120,N953UW,LGA,BOS,9,10.2833,8.91667,10.1667,9.45,10,-0.0833333,-0.116667,0,0,0,0,0,False,Z,False,,0
2010-04-27,US:2167,N750UW,LGA,DCA,9,10.2833,8.86667,10.25,9.38333,10.1833,-0.133333,-0.0333333,0,0,0,0,0,False,Z,False,,0
2010-04-27,AA:713,N4UCAA,LGA,DFW,9,13.1667,9.13333,12.8833,9.56667,12.75,0.133333,-0.283333,0,0,0,0,0,False,Z,False,,0
2010-04-27,9E:3967,85059E,LGA,TYS,9,11.5,8.71667,11.35,9.48333,11.2833,-0.283333,-0.15,0,0,0,0,0,False,Z,False,,0
2010-04-27,DL:1252,N913DL,FLL,LGA,9,12,8.96667,11.7167,9.26667,11.6167,-0.0333333,-0.283333,0,0,0,0,0,False,Z,False,,0
2010-04-27,US:2121,N968UW,BOS,LGA,9,10.3333,8.95,10.0833,9.15,10.0167,-0.05,-0.25,0,0,0,0,0,False,Z,False,,0
2010-04-27,US:2164,N751UW,DCA,LGA,9,10.4167,8.9,10.2333,9.48333,10.15,-0.1,-0.183333,0,0,0,0,0,False,Z,False,,0
2010-04-27,FL:360,N906AT,ATL,LGA,9,11.2333,8.98333,11.0333,9.31667,10.9667,-0.0166667,-0.2,0,0,0,0,0,False,Z,False,,0
2010-04-27,DL:1118,N995DL,MCO,LGA,9,11.8167,8.98333,11.4167,9.2,11.2667,-0.0166667,-0.4,0,0,0,0,0,False,Z,False,,0
2010-04-27,WN:249,N406WN,MDW,LGA,9,11.25,8.96667,10.85,9.11667,10.7667,-0.0333333,-0.4,0,0,0,0,0,False,Z,False,,0
2010-04-27,WN:3144,N482WN,BWI,LGA,9,10.25,9.46667,10.3167,9.63333,10.25,0.466667,0.0666667,0,0,0,0,0,False,Z,False,,0
2010-04-27,F9:506,N948FR,DEN,LGA,9.06667,12.8167,9.93333,13.6167,10.0667,13.4333,0.866667,0.8,0.8,0,0,0,0,False,Z,False,,0
2010-04-27,DL:2327,N369NB,LGA,DTW,9.08333,11.8333,9.1,11.9833,9.73333,11.8167,0.0166667,0.15,0,0,0,0,0,False,Z,False,,0
2010-04-27,AA:708,N573AA,DFW,LGA,9.08333,12.75,9,12.25,9.25,12.1,-0.0833333,-0.5,0,0,0,0,0,False,Z,False,,0
2010-04-27,DL:2374,N324NB,DTW,LGA,9.18333,10.45,9.1,10,9.25,9.9,-0.0833333,-0.45,0,0,0,0,0,False,Z,False,,0
2010-04-27,OH:6537,N538CA,LGA,RDU,9.25,11.2333,9.75,11.4667,10.3333,11.3833,0.5,0.233333,0,0,0,0,0,False,Z,False,,0
2010-04-27,MQ:4437,N712MQ,LGA,CMH,9.25,11.1667,9.78333,11.5333,10.1,11.45,0.533333,0.366667,0.366667,0,0,0,0,False,Z,False,,0
2010-04-27,YV:7291,N27185,LGA,IAD,9.33333,10.7667,9.21667,10.6167,9.71667,10.5333,-0.116667,-0.15,0,0,0,0,0,False,Z,False,,0
2010-04-27,OH:6433,N693CA,CVG,LGA,9.33333,11.5,9.3,11.4167,9.71667,11.2667,-0.0333333,-0.0833333,0,0,0,0,0,False,Z,False,,0
2010-04-27,MQ:4499,N820MQ,LGA,DTW,9.5,12.35,9.35,12.0333,9.81667,11.9333,-0.15,-0.316667,0,0,0,0,0,False,Z,False,,0
2010-04-27,DL:1376,N916DE,LGA,BOS,9.5,10.7667,9.48333,10.5167,9.86667,10.3833,-0.0166667,-0.25,0,0,0,0,0,False,Z,False,,0
2010-04-27,OH:6604,N676CA,LGA,JAX,9.5,12.2,9.41667,12,9.9,11.9167,-0.0833333,-0.2,0,0,0,0,0,False,Z,False,,0
2010-04-27,DL:1379,N907DL,BOS,LGA,9.5,10.7,9.5,10.8167,9.88333,10.7333,0,0.116667,0,0,0,0,0,False,Z,False,,0
2010-04-27,MQ:4422,N723MQ,RDU,LGA,9.5,11.25,9.4,10.9167,9.73333,10.8333,-0.1,-0.333333,0,0,0,0,0,False,Z,False,,0
2010-04-27,OH:6509,N408CA,LGA,RIC,9.63333,11.2667,9.46667,11.1667,10.0167,10.9,-0.166667,-0.1,0,0,0,0,0,False,Z,False,,0
2010-04-27,B6:372,N516JB,FLL,LGA,9.66667,12.6333,9.63333,12.4,9.88333,12.3167,-0.0333333,-0.233333,0,0,0,0,0,False,Z,False,,0
2010-04-27,DL:1774,N625DL,ATL,LGA,9.66667,12.1667,9.6,12.2333,10.1667,11.75,-0.0666667,0.0666667,0,0,0,0,0,False,Z,False,,0
2010-04-27,DL:2482,N347NB,MEM,LGA,9.66667,12.45,9.6,12.0167,9.88333,11.9,-0.0666667,-0.433333,0,0,0,0,0,False,Z,False,,0
2010-04-27,B6:375,N590JB,LGA,FLL,9.7,12.9167,9.53333,12.55,10.0333,12.4333,-0.166667,-0.366667,0,0,0,0,0,False,Z,False,,0
2010-04-27,AA:386,N565AA,ORD,LGA,9.75,12,9.75,11.8333,10.05,11.7833,0,-0.166667,0,0,0,0,0,False,Z,False,,0
2010-04-27,AA:710,N488AA,DFW,LGA,9.75,13.4167,9.78333,13.2333,10.1333,13.0667,0.0333333,-0.183333,0,0,0,0,0,False,Z,False,,0
2010-04-27,UA:674,N439UA,ORD,LGA,9.86667,12.25,9.8,11.8833,10.1,11.85,-0.0666667,-0.366667,0,0,0,0,0,False,Z,False,,0
2010-04-27,MQ:4433,N848MQ,LGA,RDU,9.91667,11.75,9.86667,11.3167,10.15,11.2667,-0.05,-0.433333,0,0,0,0,0,False,Z,False,,0
2010-04-27,OH:6441,N712CA,LGA,CMH,9.91667,12.0833,9.83333,12,10.4833,11.8333,-0.0833333,-0.0833333,0,0,0,0,0,False,Z,False,,0
2010-04-27,US:1910,N125UW,CLT,LGA,9.91667,11.95,9.81667,11.4667,10.1667,11.3833,-0.1,-0.483333,0,0,0,0,0,False,Z,False,,0
2010-04-27,AA:319,N4XCAA,LGA,ORD,9.98333,12.5667,9.93333,12.0833,10.1667,12,-0.05,-0.483333,0,0,0,0,0,False,Z,False,,0
2010-04-27,DL:1777,N629DL,LGA,ATL,10,12.6,9.91667,12.5167,10.4167,12.4167,-0.0833333,-0.0833333,0,0,0,0,0,False,Z,False,,0
2010-04-27,FL:361,N987AT,LGA,ATL,10,12.5833,9.91667,12.3667,10.25,12.2667,-0.0833333,-0.216667,0,0,0,0,0,False,Z,False,,0
2010-04-27,US:2122,N954UW,LGA,BOS,10,11.2333,9.93333,11.0667,10.3667,10.9333,-0.0666667,-0.166667,0,0,0,0,0,False,Z,False,,0
2010-04-27,US:2169,N763US,LGA,DCA,10,11.2833,9.91667,11.15,10.35,11.1,-0.0833333,-0.133333,0,0,0,0,0,False,Z,False,,0
2010-04-27,US:1453,N762US,LGA,CLT,10,12.0833,10.0167,12.2333,10.5,12.15,0.0166667,0.15,0,0,0,0,0,False,Z,False,,0
2010-04-27,UA:405,N521UA,LGA,DEN,10,14.75,9.91667,14.1333,10.1333,13.8,-0.0833333,-0.616667,0,0,0,0,0,False,Z,False,,0
2010-04-27,US:2123,N948UW,BOS,LGA,10,11.3333,9.93333,11.25,10.2667,11.1167,-0.0666667,-0.0833333,0,0,0,0,0,False,Z,False,,0
2010-04-27,OH:6266,N430CA,RDU,LGA,10,11.65,10,11.5333,10.4333,11.4333,0,-0.116667,0,0,0,0,0,False,Z,False,,0
2010-04-27,US:2166,N767UW,DCA,LGA,10,11.3333,9.9,11.25,10.45,11.1667,-0.1,-0.0833333,0,0,0,0,0,False,Z,False,,0
2010-04-27,UA:673,N473UA,LGA,ORD,10.0333,12.5833,9.91667,12.2333,10.3833,12.15,-0.116667,-0.35,0,0,0,0,0,False,Z,False,,0
2010-04-27,9E:4172,80269E,LGA,PWM,10.0833,11.4167,10.0667,11.3667,10.55,11.2833,-0.0166667,-0.05,0,0,0,0,0,False,Z,False,,0
2010-04-27,AA:1062,N5EJAA,MIA,LGA,10.0833,13.0833,10.1167,12.85,10.3333,12.75,0.0333333,-0.233333,0,0,0,0,0,False,Z,False,,0
2010-04-27,CO:232,N24706,IAH,LGA,10.1167,13.9,10.1,13.4667,10.4667,13.3667,-0.0166667,-0.433333,0,0,0,0,0,False,Z,False,,0
2010-04-27,AA:599,N5CKAA,LGA,MIA,10.1667,13.4167,10.0667,13,10.45,12.9,-0.1,-0.416667,0,0,0,0,0,False,Z,False,,0
2010-04-27,YV:7318,N37218,LGA,IAD,10.1667,11.6,10.4,11.6833,10.6833,11.6167,0.233333,0.0833333,0,0,0,0,0,False,Z,False,,0
2010-04-27,AA:721,N581AA,LGA,DFW,10.1667,14.0833,10.0667,13.95,10.5167,13.9,-0.1,-0.133333,0,0,0,0,0,False,Z,False,,0
2010-04-27,FL:368,N972AT,ATL,LGA,10.1667,12.6,10.1,12.35,10.5167,12.25,-0.0666667,-0.25,0,0,0,0,0,False,Z,False,,0
2010-04-27,9E:3939,86319E,LGA,IND,10.25,13.65,10.2,13.1667,10.6,13.1,-0.05,-0.483333,0,0,0,0,0,False,Z,False,,0
2010-04-27,DL:2517,N360NB,LGA,MSP,10.3333,13.4167,10.1833,13,10.6333,12.8833,-0.15,-0.416667,0,0,0,0,0,False,Z,False,,0
2010-04-27,9E:4166,86949E,LGA,BHM,10.3333,13.4167,10.3167,13.55,11,13.5167,-0.0166667,0.133333,0,0,0,0,0,False,Z,False,,0
2010-04-27,AA:382,N471AA,ORD,LGA,10.3333,12.5833,10.25,12.2833,10.4,12.2167,-0.0833333,-0.3,0,0,0,0,0,False,Z,False,,0
2010-04-27,DL:1503,N907DE,LGA,FLL,10.4333,13.5667,13.2833,16.3,13.6,16.1667,2.85,2.73333,2.73333,0,0,0,0,False,Z,False,,0
2010-04-27,CO:1033,N17619,LGA,IAH,10.5,14.35,10.35,14.25,10.8167,14.0833,-0.15,-0.1,0,0,0,0,0,False,Z,False,,0
2010-04-27,DL:1378,N906DE,LGA,BOS,10.5,11.7667,10.4667,11.6167,10.85,11.4167,-0.0333333,-0.15,0,0,0,0,0,False,Z,False,,0
2010-04-27,MQ:4504,N730MQ,LGA,BOS,10.5,11.75,10.4,11.3333,10.7167,11.25,-0.1,-0.416667,0,0,0,0,0,False,Z,False,,0
2010-04-27,FL:891,N981AT,LGA,IND,10.5,13.65,10.3,13.1667,10.65,13.1167,-0.2,-0.483333,0,0,0,0,0,False,Z,False,,0
2010-04-27,DL:1381,N914DE,BOS,LGA,10.5,11.65,10.4833,11.8167,10.9833,11.7333,-0.0166667,0.166667,0,0,0,0,0,False,Z,False,,0
2010-04-27,DL:2539,N342NB,LGA,DTW,10.5833,13.2833,10.4,13.1667,10.9333,12.9333,-0.183333,-0.116667,0,0,0,0,0,False,Z,False,,0
2010-04-27,UA:358,N412UA,DEN,LGA,10.5833,14.4,10.5167,14.0667,10.7333,14,-0.0666667,-0.333333,0,0,0,0,0,False,Z,False,,0
2010-04-27,OH:6275,N962CA,LGA,CHS,10.6667,12.95,10.6667,13.0333,11.0333,12.85,0,0.0833333,0,0,0,0,0,False,Z,False,,0
2010-04-27,DL:1776,N610DL,ATL,LGA,10.6667,12.9833,10.65,13.35,11.25,12.9833,-0.0166667,0.366667,0,0,0.366667,0,0,False,Z,False,,0
2010-04-27,WN:3865,N299WN,MDW,LGA,10.6667,12.8333,10.5833,12.5833,10.7167,12.5,-0.0833333,-0.25,0,0,0,0,0,False,Z,False,,0
2010-04-27,FL:375,N307AT,MCO,LGA,10.7333,13.3167,10.6667,13.15,10.8333,13.0167,-0.0666667,-0.166667,0,0,0,0,0,False,Z,False,,0
2010-04-27,WN:1278,N482WN,LGA,MDW,10.75,13.5,10.7167,12.8833,11.05,12.8,-0.0333333,-0.616667,0,0,0,0,0,False,Z,False,,0
2010-04-27,OH:6463,N582CA,LGA,CVG,10.75,13.0167,10.75,12.6667,11.15,12.5833,0,-0.35,0,0,0,0,0,False,Z,False,,0
2010-04-27,DL:2493,N302NB,LGA,MEM,10.75,13.7167,10.9,14.05,11.55,13.8333,0.15,0.333333,0,0,0.183333,0,0.15,False,Z,False,,0
2010-04-27,MQ:4486,N721MQ,RDU,LGA,10.75,12.4833,10.9833,12.4833,11.2167,12.3833,0.233333,0,0,0,0,0,0,False,Z,False,,0
2010-04-27,AA:718,N459AA,DFW,LGA,10.75,14.4833,10.75,14.0333,10.95,13.95,0,-0.45,0,0,0,0,0,False,Z,False,,0
2010-04-27,DL:2318,N333NB,DTW,LGA,10.7667,12,10.85,12.0667,11.1833,11.8667,0.0833333,0.0666667,0,0,0,0,0,False,Z,False,,0
2010-04-27,AA:378,N564AA,ORD,LGA,10.8333,12.9833,10.8167,12.7333,11.0167,12.6833,-0.0166667,-0.25,0,0,0,0,0,False,Z,False,,0
2010-04-27,DL:1485,N974DL,LGA,MCO,10.8667,13.8,10.7833,13.7167,11.3167,13.6,-0.0833333,-0.0833333,0,0,0,0,0,False,Z,False,,0
2010-04-27,AA:2088,N5EBAA,MIA,LGA,10.9167,13.9167,10.9667,13.6833,11.1833,13.5833,0.05,-0.233333,0,0,0,0,0,False,Z,False,,0
2010-04-27,DL:2582,N326NB,MSP,LGA,10.9167,13.7167,10.8167,13.4,11,13.3,-0.1,-0.316667,0,0,0,0,0,False,Z,False,,0
2010-04-27,DL:1779,N680DA,LGA,ATL,11,13.5833,10.9833,13.65,11.5,13.5,-0.0166667,0.0666667,0,0,0,0,0,False,Z,False,,0
2010-04-27,US:2124,N968UW,LGA,BOS,11,12.1,10.8667,11.8667,11.2,11.7667,-0.133333,-0.233333,0,0,0,0,0,False,Z,False,,0
2010-04-27,US:2171,N751UW,LGA,DCA,11,12.2833,10.9167,12,11.2333,11.95,-0.0833333,-0.283333,0,0,0,0,0,False,Z,False,,0
2010-04-27,MQ:4589,N720MQ,LGA,CMH,11,12.9167,10.9833,12.7667,11.3667,12.6833,-0.0166667,-0.15,0,0,0,0,0,False,Z,False,,0
2010-04-27,DL:1334,N970DL,FLL,LGA,11,14.1833,11,13.8667,11.3,13.75,0,-0.316667,0,0,0,0,0,False,Z,False,,0
2010-04-27,US:2125,N953UW,BOS,LGA,11,12.2333,10.8667,12.0833,11.15,11.9833,-0.133333,-0.15,0,0,0,0,0,False,Z,False,,0
2010-04-27,US:2168,N750UW,DCA,LGA,11,12.25,10.9,12.4333,11.4333,12.2,-0.1,0.183333,0,0,0,0,0,False,Z,False,,0
2010-04-27,DL:1486,N938DL,MCO,LGA,11,13.75,10.85,13.4,11.2167,13.25,-0.15,-0.35,0,0,0,0,0,False,Z,False,,0
2010-04-27,MQ:4572,N733MQ,CLE,LGA,11.0833,12.9167,10.8833,12.3833,11.15,12.2667,-0.2,-0.533333,0,0,0,0,0,False,Z,False,,0
2010-04-27,DL:1604,N994DL,TPA,LGA,11.1,13.9667,11.2167,13.85,11.5167,13.7167,0.116667,-0.116667,0,0,0,0,0,False,Z,False,,0
2010-04-27,AA:321,N5EEAA,LGA,ORD,11.1667,13.5833,11.1167,13.3333,11.5167,13.2667,-0.05,-0.25,0,0,0,0,0,False,Z,False,,0
2010-04-27,MQ:4484,N833MQ,LGA,BNA,11.1667,13.5833,11,13.4,11.3833,13.3333,-0.166667,-0.183333,0,0,0,0,0,False,Z,False,,0
2010-04-27,OH:6280,N957CA,RIC,LGA,11.1667,12.4333,11,12.3333,11.3,12.2333,-0.166667,-0.1,0,0,0,0,0,False,Z,False,,0
2010-04-27,OH:6446,N675BR,CHS,LGA,11.2833,13.4167,11.2333,13.3333,11.5833,13.0833,-0.05,-0.0833333,0,0,0,0,0,False,Z,False,,0
2010-04-27,MQ:4477,N857MQ,LGA,RDU,11.3333,13.0833,11.25,12.8833,11.6833,12.8333,-0.0833333,-0.2,0,0,0,0,0,False,Z,False,,0
2010-04-27,MQ:4573,N717MQ,XNA,LGA,11.3333,14.5833,11.25,14.2667,11.3833,14.1,-0.0833333,-0.316667,0,0,0,0,0,False,Z,False,,0
2010-04-27,B6:362,N504JB,PBI,LGA,11.3333,14.1667,11.25,14,11.4,13.9333,-0.0833333,-0.166667,0,0,0,0,0,False,Z,False,,0
2010-04-27,MQ:4645,N800MQ,BNA,LGA,11.3333,13.75,11.2833,13.3833,11.4667,13.2667,-0.05,-0.366667,0,0,0,0,0,False,Z,False,,0
2010-04-27,AA:731,N537AA,LGA,DFW,11.4167,15.25,11.2667,15.1667,11.6667,15.0833,-0.15,-0.0833333,0,0,0,0,0,False,Z,False,,0
2010-04-27,US:1051,N704US,LGA,CLT,11.4167,13.45,11.25,13.4167,11.7667,13.2333,-0.166667,-0.0333333,0,0,0,0,0,False,Z,False,,0
2010-04-27,FL:202,N717JL,LGA,CAK,11.4167,13.0167,11.3,12.9,11.7,12.85,-0.116667,-0.116667,0,0,0,0,0,False,Z,False,,0
2010-04-27,MQ:4505,N739MQ,BOS,LGA,11.4167,12.75,11.8167,12.7833,12.0333,12.7333,0.4,0.0333333,0,0,0,0,0,False,Z,False,,0
2010-04-27,AA:1030,N447AA,STL,LGA,11.4167,13.9833,11.3667,13.8333,11.6,13.7667,-0.05,-0.15,0,0,0,0,0,False,Z,False,,0
2010-04-27,DL:1380,N907DL,LGA,BOS,11.5,12.6333,11.45,12.6667,11.95,12.5167,-0.05,0.0333333,0,0,0,0,0,False,Z,False,,0
2010-04-27,DL:2131,N324NB,LGA,MSP,11.5,14.4167,11.4,14.3667,12.0167,14.2833,-0.1,-0.05,0,0,0,0,0,False,Z,False,,0
2010-04-27,DL:1383,N916DE,BOS,LGA,11.5,12.75,11.5,12.6833,11.9667,12.6167,0,-0.0666667,0,0,0,0,0,False,Z,False,,0
2010-04-27,DL:2236,N301NB,LGA,TPA,11.5833,14.5,11.5333,14.7833,12.2167,14.7167,-0.05,0.283333,0,0,0.283333,0,0,False,Z,False,,0
2010-04-27,AA:739,N3ABAA,LGA,DFW,11.6667,15.5,11.5833,15.2,12.1167,15.1333,-0.0833333,-0.3,0,0,0,0,0,False,Z,False,,0
2010-04-27,MQ:4526,N712MQ,CMH,LGA,11.6667,13.4833,11.8167,13.5667,12.05,13.4,0.15,0.0833333,0,0,0,0,0,False,Z,False,,0
2010-04-27,DL:1778,N6715C,ATL,LGA,11.6667,14.1,11.6333,13.8,11.8167,13.4833,-0.0333333,-0.3,0,0,0,0,0,False,Z,False,,0
2010-04-27,CO:432,N62631,IAH,LGA,11.6667,15.4167,11.55,15.1,11.7667,15,-0.116667,-0.316667,0,0,0,0,0,False,Z,False,,0
2010-04-27,US:938,N732US,CLT,LGA,11.6667,13.65,11.6333,13.2833,11.9167,13.2,-0.0333333,-0.366667,0,0,0,0,0,False,Z,False,,0
2010-04-27,DL:2377,N322NB,PBI,LGA,11.7,14.4833,11.85,14.6667,12.0333,14.3833,0.15,0.183333,0,0,0,0,0,False,Z,False,,0
2010-04-27,WN:1512,N406WN,LGA,BWI,11.75,13.25,11.75,12.9833,12.25,12.9167,0,-0.266667,0,0,0,0,0,False,Z,False,,0
2010-04-27,AA:1757,N553AA,LGA,STL,11.8333,14.4167,11.7833,14.3333,12.3167,14.2833,-0.05,-0.0833333,0,0,0,0,0,False,Z,False,,0
2010-04-27,AA:720,N575AA,DFW,LGA,11.8333,15.5,12.1,15.2,12.2833,15.1333,0.266667,-0.3,0,0,0,0,0,False,Z,False,,0
2010-04-27,9E:4173,80269E,PWM,LGA,11.9167,13.4167,11.8667,13.3333,12.0833,13.05,-0.05,-0.0833333,0,0,0,0,0,False,Z,False,,0
2010-04-27,AA:1952,N612AA,MIA,LGA,11.9167,14.9167,11.95,14.6,12.15,14.5167,0.0333333,-0.316667,0,0,0,0,0,False,Z,False,,0
2010-04-27,UA:678,N460UA,ORD,LGA,11.9833,14.2333,11.9,13.9,12.0667,13.8167,-0.0833333,-0.333333,0,0,0,0,0,False,Z,False,,0
2010-04-27,DL:1781,N690DL,LGA,ATL,12,14.5833,12.4167,14.9333,12.9,14.8,0.416667,0.35,0,0,0,0,0.35,False,Z,False,,0
2010-04-27,US:2126,N948UW,LGA,BOS,12,13.1,11.9167,13.1167,12.4667,13.0167,-0.0833333,0.0166667,0,0,0,0,0,False,Z,False,,0
2010-04-27,US:2173,N767UW,LGA,DCA,12,13.2,11.8667,13.0833,12.2833,13.05,-0.133333,-0.116667,0,0,0,0,0,False,Z,False,,0
2010-04-27,DL:2209,N371NB,LGA,RSW,12,15.2333,12,15.1167,12.3833,15.0333,0,-0.116667,0,0,0,0,0,False,Z,False,,0
2010-04-27,9E:3964,85059E,TYS,LGA,12,14.45,11.9167,13.8,12.0667,13.6333,-0.0833333,-0.65,0,0,0,0,0,False,Z,False,,0
2010-04-27,US:2127,N954UW,BOS,LGA,12,13.2667,11.9167,13.25,12.4,13.1333,-0.0833333,-0.0166667,0,0,0,0,0,False,Z,False,,0
2010-04-27,OH:6559,N538CA,RDU,LGA,12,13.6833,11.9167,13.8667,12.4167,13.6667,-0.0833333,0.183333,0,0,0,0,0,False,Z,False,,0
2010-04-27,US:2170,N763US,DCA,LGA,12,13.25,11.9333,13.2833,12.4333,13.1833,-0.0666667,0.0333333,0,0,0,0,0,False,Z,False,,0
2010-04-27,AA:327,N4XPAA,LGA,ORD,12.1667,14.75,12.05,14.3833,12.5,14.3,-0.116667,-0.366667,0,0,0,0,0,False,Z,False,,0
2010-04-27,UA:679,N816UA,LGA,ORD,12.1667,14.7333,12.05,14.5167,12.6333,14.4,-0.116667,-0.216667,0,0,0,0,0,False,Z,False,,0
2010-04-27,AA:1905,N617AA,LGA,MIA,12.1667,15.25,12.0333,15.2833,12.5667,15.15,-0.133333,0.0333333,0,0,0,0,0,False,Z,False,,0
2010-04-27,FL:735,N906AT,LGA,MKE,12.1667,14.5167,11.9667,14.3,12.4167,14.2167,-0.2,-0.216667,0,0,0,0,0,False,Z,False,,0
2010-04-27,EV:7017,N833AS,IAD,LGA,12.3333,13.8,12.5667,14.1167,13.15,14.05,0.233333,0.316667,0.233333,0,0.0833333,0,0,False,Z,False,,0
2010-04-27,OH:6539,N693CA,LGA,RDU,12.4833,14.25,12.4167,14.4167,13.05,14.2667,-0.0666667,0.166667,0,0,0,0,0,False,Z,False,,0
2010-04-27,DL:2551,N361NB,LGA,PBI,12.4833,15.3333,12.4833,15.6167,12.9167,15.5167,0,0.283333,0,0,0.283333,0,0,False,Z,False,,0
2010-04-27,DL:1382,N914DE,LGA,BOS,12.5,13.65,12.5,13.4333,12.7667,13.3,0,-0.216667,0,0,0,0,0,False,Z,False,,0
2010-04-27,AA:743,N525AA,LGA,DFW,12.5,16.3333,12.45,16.2667,12.7833,15.9,-0.05,-0.0666667,0,0,0,0,0,False,Z,False,,0
2010-04-27,OH:6310,N712CA,CMH,LGA,12.5,14.45,12.5,14.1667,12.6667,13.9833,0,-0.283333,0,0,0,0,0,False,Z,False,,0
2010-04-27,B6:376,N615JB,FLL,LGA,12.5,15.6167,12.4667,15.15,12.7,15.0833,-0.0333333,-0.466667,0,0,0,0,0,False,Z,False,,0
2010-04-27,DL:1385,N906DE,BOS,LGA,12.5,13.65,12.5,13.9167,13.15,13.85,0,0.266667,0,0,0.266667,0,0,False,Z,False,,0
2010-04-27,CO:1832,N38727,IAH,LGA,12.5,16.15,12.4333,15.6667,12.6833,15.55,-0.0666667,-0.483333,0,0,0,0,0,False,Z,False,,0
2010-04-27,UA:310,N595UA,DEN,LGA,12.5333,16.5,12.4833,15.85,12.7,15.7833,-0.05,-0.65,0,0,0,0,0,False,Z,False,,0
2010-04-27,DL:1817,N995DL,LGA,MCO,12.5667,15.4,12.4833,15.3833,12.8333,15.3,-0.0833333,-0.0166667,0,0,0,0,0,False,Z,False,,0
2010-04-27,MQ:4412,N725MQ,LGA,DTW,12.5833,15.35,12.4167,14.9333,12.7167,14.7833,-0.166667,-0.416667,0,0,0,0,0,False,Z,False,,0
2010-04-27,OH:6266,N430CA,LGA,BGR,12.5833,14.0333,12.5833,14.1333,13.1667,14,0,0.1,0,0,0,0,0,False,Z,False,,0
2010-04-27,DL:2178,N325NB,MSP,LGA,12.5833,15.4,12.45,15.4833,12.75,15.0667,-0.133333,0.0833333,0,0,0,0,0,False,Z,False,,0
2010-04-27,DL:2350,N369NB,DTW,LGA,12.6,13.9167,12.6333,13.9833,13.15,13.8667,0.0333333,0.0666667,0,0,0,0,0,False,Z,False,,0
2010-04-27,OH:6594,N595SW,SAV,LGA,12.6167,15.0333,12.3333,14.6667,12.9333,14.5833,-0.283333,-0.366667,0,0,0,0,0,False,Z,False,,0
2010-04-27,MQ:4428,N825MQ,BOS,LGA,12.6667,14,12.5667,14.1333,13.1833,14.05,-0.1,0.133333,0,0,0,0,0,False,Z,False,,0
2010-04-27,DL:1780,N678DL,ATL,LGA,12.6667,15.0333,12.6333,14.8,12.9667,14.6167,-0.0333333,-0.233333,0,0,0,0,0,False,Z,False,,0
2010-04-27,DL:1527,N913DL,LGA,FLL,12.75,15.8833,12.6167,15.8333,13.1,15.7333,-0.133333,-0.05,0,0,0,0,0,False,Z,False,,0
2010-04-27,DL:2418,N333NB,LGA,DTW,12.75,15.35,12.7333,15.2333,13,15.1,-0.0166667,-0.116667,0,0,0,0,0,False,Z,False,,0
2010-04-27,AA:374,N596AA,ORD,LGA,12.75,15,12.7167,14.7333,12.9167,14.6667,-0.0333333,-0.266667,0,0,0,0,0,False,Z,False,,0
2010-04-27,AA:728,N556AA,DFW,LGA,12.75,16.4167,12.7333,15.8667,12.9167,15.7667,-0.0166667,-0.55,0,0,0,0,0,False,Z,False,,0
2010-04-27,MQ:4554,N820MQ,DTW,LGA,12.7667,14.1667,12.6333,13.8,12.8667,13.6,-0.133333,-0.366667,0,0,0,0,0,False,Z,False,,0
2010-04-27,F9:510,N201FR,DEN,LGA,12.8167,16.4833,12.7333,16.3667,12.9833,16.25,-0.0833333,-0.116667,0,0,0,0,0,False,Z,False,,0
2010-04-27,OH:6511,N676CA,JAX,LGA,12.8333,15.2167,12.8,15.0833,13.1,14.9167,-0.0333333,-0.133333,0,0,0,0,0,False,Z,False,,0
2010-04-27,AA:329,N565AA,LGA,ORD,12.9167,15.4167,12.85,15,13.05,14.85,-0.0666667,-0.416667,0,0,0,0,0,False,Z,False,,0
2010-04-27,US:1437,N125UW,LGA,CLT,12.9833,14.9333,12.85,14.5333,13.0833,14.4667,-0.133333,-0.4,0,0,0,0,0,False,Z,False,,0
2010-04-27,DL:1783,N625DL,LGA,ATL,13,15.5667,12.9667,15.3833,13.3167,15.25,-0.0333333,-0.183333,0,0,0,0,0,False,Z,False,,0
2010-04-27,US:2128,N953UW,LGA,BOS,13,14.0333,12.95,13.9833,13.2333,13.8333,-0.05,-0.05,0,0,0,0,0,False,Z,False,,0
2010-04-27,US:2175,N750UW,LGA,DCA,13,14.1,12.85,13.9167,13.2,13.8833,-0.15,-0.183333,0,0,0,0,0,False,Z,False,,0
2010-04-27,US:2129,N968UW,BOS,LGA,13,14.3,12.85,14.2667,13.3667,14.15,-0.15,-0.0333333,0,0,0,0,0,False,Z,False,,0
2010-04-27,US:2172,N751UW,DCA,LGA,13,14.4167,12.9,14.4833,13.6667,14.3333,-0.1,0.0666667,0,0,0,0,0,False,Z,False,,0
2010-04-27,FL:366,N953AT,ATL,LGA,13,15.3167,13.1167,15.1667,13.25,15.05,0.116667,-0.15,0,0,0,0,0,False,Z,False,,0
2010-04-27,UA:681,N439UA,LGA,ORD,13.0167,15.4167,12.9,15.1333,13.3333,15.0667,-0.116667,-0.283333,0,0,0,0,0,False,Z,False,,0
2010-04-27,MQ:4401,N848MQ,RDU,LGA,13.0833,14.8333,12.9833,14.5,13.1667,14.2833,-0.1,-0.333333,0,0,0,0,0,False,Z,False,,0
2010-04-27,CO:433,N34222,LGA,IAH,13.25,17.0167,13.1,16.9667,13.4,16.9,-0.15,-0.05,0,0,0,0,0,False,Z,False,,0
2010-04-27,MQ:4578,N721MQ,LGA,CMH,13.25,15.0833,13.2167,14.8667,13.5,14.8167,-0.0333333,-0.216667,0,0,0,0,0,False,Z,False,,0
2010-04-27,FL:334,N972AT,LGA,ATL,13.2667,15.8333,13.1833,15.7667,13.6333,15.6167,-0.0833333,-0.0666667,0,0,0,0,0,False,Z,False,,0
2010-04-27,WN:414,N299WN,LGA,MDW,13.3333,15.9167,13.2667,15.4,13.55,15.3333,-0.0666667,-0.516667,0,0,0,0,0,False,Z,False,,0
2010-04-27,AA:370,N483AA,ORD,LGA,13.3333,15.75,13.2333,15.2667,13.4667,15.2,-0.1,-0.483333,0,0,0,0,0,False,Z,False,,0
2010-04-27,B6:377,N516JB,LGA,FLL,13.4167,16.5167,13.4,16.2667,13.65,16.2,-0.0166667,-0.25,0,0,0,0,0,False,Z,False,,0
2010-04-27,MQ:4511,N739MQ,LGA,BOS,13.4167,14.5833,13.2167,14.15,13.5167,14.05,-0.2,-0.433333,0,0,0,0,0,False,Z,False,,0
2010-04-27,OH:6447,N957CA,LGA,CVG,13.4833,15.7667,13.4,15.4833,13.7667,15.3667,-0.0833333,-0.283333,0,0,0,0,0,False,Z,False,,0
2010-04-27,F9:509,N948FR,LGA,DEN,13.4833,18.0833,14.2833,18.3,14.5,18.1833,0.8,0.216667,0,0,0,0,0,False,Z,False,,0
2010-04-27,AA:333,N471AA,LGA,ORD,13.5,16,13.4667,15.7333,13.7333,15.5333,-0.0333333,-0.266667,0,0,0,0,0,False,Z,False,,0
2010-04-27,DL:1384,N916DE,LGA,BOS,13.5,14.7,13.4833,14.5,13.8333,14.35,-0.0166667,-0.2,0,0,0,0,0,False,Z,False,,0
2010-04-27,DL:1387,N907DL,BOS,LGA,13.5,14.6833,13.4667,14.6167,13.9167,14.5667,-0.0333333,-0.0666667,0,0,0,0,0,False,Z,False,,0
2010-04-27,OH:6518,N962CA,CHS,LGA,13.5,15.6667,13.5,15.5,13.7333,15.25,0,-0.166667,0,0,0,0,0,False,Z,False,,0
2010-04-27,AA:745,N573AA,LGA,DFW,13.5833,17.3333,13.5,17.05,13.7,16.7333,-0.0833333,-0.283333,0,0,0,0,0,False,Z,False,,0
2010-04-27,MQ:4411,N733MQ,LGA,RDU,13.6667,15.4167,13.5833,15.1,13.9,15.05,-0.0833333,-0.316667,0,0,0,0,0,False,Z,False,,0
2010-04-27,DL:420,N681DA,ATL,LGA,13.6667,16.0667,14,16.0333,14.3333,15.95,0.333333,-0.0333333,0,0,0,0,0,False,Z,False,,0
2010-04-27,MQ:4590,N720MQ,CMH,LGA,13.75,15.5833,13.65,15.4,14.05,15.3167,-0.1,-0.183333,0,0,0,0,0,False,Z,False,,0
2010-04-27,DL:1418,N918DE,CVG,LGA,13.9167,16,13.8833,15.6,14.0333,15.5,-0.0333333,-0.4,0,0,0,0,0,False,Z,False,,0
2010-04-27,9E:4168,86949E,BHM,LGA,13.9167,16.75,13.9333,16.3167,14.2667,16.1167,0.0166667,-0.433333,0,0,0,0,0,False,Z,False,,0
2010-04-27,UA:682,N473UA,ORD,LGA,13.9667,16.2833,13.9667,16,14.2333,15.9333,0,-0.283333,0,0,0,0,0,False,Z,False,,0
2010-04-27,FL:376,N307AT,LGA,MCO,13.9833,16.8167,13.8,16.6,14.1,16.3833,-0.183333,-0.216667,0,0,0,0,0,False,Z,False,,0
2010-04-27,DL:1785,N610DL,LGA,ATL,14,16.5667,14.0333,16.5167,14.35,16.25,0.0333333,-0.05,0,0,0,0,0,False,Z,False,,0
2010-04-27,US:2130,N954UW,LGA,BOS,14,15.1,13.9167,14.7667,14.1,14.65,-0.0833333,-0.333333,0,0,0,0,0,False,Z,False,,0
2010-04-27,US:2177,N763US,LGA,DCA,14,15.15,13.8833,14.8667,14.05,14.8167,-0.116667,-0.283333,0,0,0,0,0,False,Z,False,,0
2010-04-27,US:2131,N948UW,BOS,LGA,14,15.3,13.9,14.9833,14.0667,14.85,-0.1,-0.316667,0,0,0,0,0,False,Z,False,,0
2010-04-27,US:2174,N767UW,DCA,LGA,14,15.4167,13.9,15.05,14.2,14.9333,-0.1,-0.366667,0,0,0,0,0,False,Z,False,,0
2010-04-27,DL:2200,N327NB,MSP,LGA,14,16.9667,13.8667,16.5167,14.1833,16.4,-0.133333,-0.45,0,0,0,0,0,False,Z,False,,0
2010-04-27,MQ:4653,N833MQ,BNA,LGA,14,16.3333,13.8333,16.1333,14.2,16.0167,-0.166667,-0.2,0,0,0,0,0,False,Z,False,,0
2010-04-27,FL:362,N944AT,ATL,LGA,14.0167,16.2333,13.95,15.9833,14.25,15.8833,-0.0666667,-0.25,0,0,0,0,0,False,Z,False,,0
2010-04-27,AA:732,N502AA,DFW,LGA,14.0833,17.8333,14.7333,17.7667,14.9667,17.7167,0.65,-0.0666667,0,0,0,0,0,False,Z,False,,0
2010-04-27,9E:3814,80269E,LGA,IND,14.1667,17.35,14.1,17,14.4167,16.9333,-0.0666667,-0.35,0,0,0,0,0,False,Z,False,,0
2010-04-27,FL:207,N968AT,CAK,LGA,14.2333,15.75,14.3667,15.7333,14.6,15.6333,0.133333,-0.0166667,0,0,0,0,0,False,Z,False,,0
2010-04-27,AA:335,N564AA,LGA,ORD,14.25,16.8333,14.1833,16.25,14.3667,16.2,-0.0666667,-0.583333,0,0,0,0,0,False,Z,False,,0
2010-04-27,DL:2336,N342NB,DTW,LGA,14.2667,15.6167,14.9167,16.0167,15.2333,15.85,0.65,0.4,0.4,0,0,0,0,False,Z,False,,0
2010-04-27,DL:1498,N907DE,FLL,LGA,14.3167,17.3833,17.2167,19.95,17.4333,19.85,2.9,2.56667,0.15,0,0,0,2.41667,False,Z,False,,0
2010-04-27,OH:6768,N812CA,IND,LGA,14.3167,15.6667,14.15,15.5333,14.4,15.3333,-0.166667,-0.133333,0,0,0,0,0,False,Z,False,,0
2010-04-27,CO:532,N15710,IAH,LGA,14.3167,17.9833,14.3667,17.9333,14.6,17.8667,0.05,-0.05,0,0,0,0,0,False,Z,False,,0
2010-04-27,AA:1621,N5EJAA,LGA,MIA,14.3333,17.5833,14.4333,17.4167,14.7,17.25,0.1,-0.166667,0,0,0,0,0,False,Z,False,,0
2010-04-27,OH:6457,N675BR,LGA,RIC,14.3333,15.8667,14.2167,15.45,14.4667,15.3,-0.116667,-0.416667,0,0,0,0,0,False,Z,False,,0
2010-04-27,MQ:4485,N712MQ,LGA,DTW,14.4167,17.1833,14.2833,16.8,14.6,16.65,-0.133333,-0.383333,0,0,0,0,0,False,Z,False,,0
2010-04-27,WN:1599,N406WN,BWI,LGA,14.4167,15.5833,14.4,15.3333,14.55,15.25,-0.0166667,-0.25,0,0,0,0,0,False,Z,False,,0
2010-04-27,US:1182,N103US,CLT,LGA,14.45,16.4,14.4667,16.1333,14.85,16.05,0.0166667,-0.266667,0,0,0,0,0,False,Z,False,,0
2010-04-27,EV:7017,N833AS,LGA,IAD,14.4667,15.8333,14.65,15.9167,14.85,15.8333,0.183333,0.0833333,0,0,0,0,0,False,Z,False,,0
2010-04-27,DL:2135,N326NB,LGA,MSP,14.4667,17.4167,14.3167,17.0333,14.6833,16.9333,-0.15,-0.383333,0,0,0,0,0,False,Z,False,,0
2010-04-27,AA:753,N488AA,LGA,DFW,14.4833,18.3167,14.4833,18.2,14.7333,17.8667,0,-0.116667,0,0,0,0,0,False,Z,False,,0
2010-04-27,DL:1386,N906DE,LGA,BOS,14.5,15.7,14.4667,15.6333,14.7833,15.4167,-0.0333333,-0.0666667,0,0,0,0,0,False,Z,False,,0
2010-04-27,DL:1219,N938DL,LGA,MCO,14.5,17.3833,14.3167,17.1,14.5333,16.9833,-0.183333,-0.283333,0,0,0,0,0,False,Z,False,,0
2010-04-27,OH:6494,N538CA,LGA,JAX,14.5,17.0667,14.4167,17.0667,14.7833,17,-0.0833333,0,0,0,0,0,0,False,Z,False,,0
2010-04-27,AA:366,N552AA,ORD,LGA,14.5,16.8333,14.4833,16.5167,14.7833,16.4667,-0.0166667,-0.316667,0,0,0,0,0,False,Z,False,,0
2010-04-27,DL:1389,N914DE,BOS,LGA,14.5,15.7667,14.4667,15.4833,14.6667,15.4167,-0.0333333,-0.283333,0,0,0,0,0,False,Z,False,,0
2010-04-27,AA:1530,N5CKAA,MIA,LGA,14.5,17.5,15.3833,17.9833,15.6167,17.9167,0.883333,0.483333,0.483333,0,0,0,0,False,Z,False,,0
2010-04-27,DL:1682,N974DL,MCO,LGA,14.5,17.25,14.4,16.7333,14.6333,16.6,-0.1,-0.516667,0,0,0,0,0,False,Z,False,,0
2010-04-27,OH:6525,N430CA,BGR,LGA,14.5333,16.25,14.4667,16.25,14.8,16.15,-0.0666667,0,0,0,0,0,0,False,Z,False,,0
2010-04-27,DL:2401,N369NB,LGA,DTW,14.6667,17.35,14.5667,17.6667,15.65,17.5667,-0.1,0.316667,0,0,0.316667,0,0,False,Z,False,,0
2010-04-27,MQ:4416,N800MQ,LGA,RDU,14.6667,16.4167,14.55,16.2667,14.9667,16.1,-0.116667,-0.15,0,0,0,0,0,False,Z,False,,0
2010-04-27,DL:1784,N660DL,ATL,LGA,14.6667,16.9833,14.5667,16.5833,14.85,16.4333,-0.1,-0.4,0,0,0,0,0,False,Z,False,,0
2010-04-27,XE:5687,N12175,IAD,LGA,14.6833,16.15,14.7,15.8333,14.8833,15.7,0.0166667,-0.316667,0,0,0,0,0,False,Z,False,,0
2010-04-27,DL:1505,N994DL,LGA,FLL,14.7167,18,14.6,17.6333,14.9167,17.5667,-0.116667,-0.366667,0,0,0,0,0,False,Z,False,,0
2010-04-27,CO:133,N24706,LGA,IAH,14.75,18.5667,16.2667,20.7333,17.1833,20.65,1.51667,2.16667,1.51667,0,0.65,0,0,False,Z,False,,0
2010-04-27,US:1529,N732US,LGA,CLT,14.75,16.8,14.7,16.5833,14.9833,16.4833,-0.05,-0.216667,0,0,0,0,0,False,Z,False,,0
2010-04-27,FL:337,N951AT,ATL,LGA,14.7667,17.0333,14.6833,16.5833,14.9667,16.5333,-0.0833333,-0.45,0,0,0,0,0,False,Z,False,,0
2010-04-27,MQ:4525,N719MQ,LGA,XNA,14.8333,18.3333,14.75,17.8167,15.0167,17.7167,-0.0833333,-0.516667,0,0,0,0,0,False,Z,False,,0
2010-04-27,MQ:4587,N825MQ,LGA,CLE,14.8333,16.5833,14.7167,16.45,15.0667,16.3667,-0.116667,-0.133333,0,0,0,0,0,False,Z,False,,0
2010-04-27,UA:684,N832UA,ORD,LGA,14.8333,17.0833,14.7333,16.7333,14.9833,16.65,-0.1,-0.35,0,0,0,0,0,False,Z,False,,0
2010-04-27,B6:398,N613JB,MCO,LGA,14.95,17.7333,14.9833,17.2667,15.1667,17.1667,0.0333333,-0.466667,0,0,0,0,0,False,Z,False,,0
2010-04-27,B6:395,N504JB,LGA,MCO,14.9833,17.9167,14.8333,17.5167,15.1,17.4167,-0.15,-0.4,0,0,0,0,0,False,Z,False,,0
2010-04-27,UA:745,N460UA,LGA,DEN,14.9833,19.5333,15.2,19.3333,15.5333,19.25,0.216667,-0.2,0,0,0,0,0,False,Z,False,,0
2010-04-27,DL:1769,N6715C,LGA,ATL,15,17.6833,14.9167,17.3333,15.35,17.2333,-0.0833333,-0.35,0,0,0,0,0,False,Z,False,,0
2010-04-27,US:2132,N968UW,LGA,BOS,15,16.2167,14.8333,15.7667,15.0667,15.6833,-0.166667,-0.45,0,0,0,0,0,False,Z,False,,0
2010-04-27,US:2179,N751UW,LGA,DCA,15,16.2833,14.8667,16.1167,15.2333,16.0833,-0.133333,-0.166667,0,0,0,0,0,False,Z,False,,0
2010-04-27,US:2133,N953UW,BOS,LGA,15,16.2667,14.8833,16.2667,15.3667,16.2,-0.116667,0,0,0,0,0,0,False,Z,False,,0
2010-04-27,US:2176,N750UW,DCA,LGA,15,16.3833,14.8833,16.1833,15.65,16.1,-0.116667,-0.2,0,0,0,0,0,False,Z,False,,0
2010-04-27,AA:736,N541AA,DFW,LGA,15,18.75,14.9167,17.9333,15.1333,17.8833,-0.0833333,-0.816667,0,0,0,0,0,False,Z,False,,0
2010-04-27,UA:685,N412UA,LGA,ORD,15.0833,17.5833,14.9667,17.0333,15.2167,16.9667,-0.116667,-0.55,0,0,0,0,0,False,Z,False,,0
2010-04-27,AA:759,N447AA,LGA,DFW,15.0833,19.0833,15.0667,18.8,15.5667,18.7167,-0.0166667,-0.283333,0,0,0,0,0,False,Z,False,,0
2010-04-27,DL:1163,N970DL,LGA,PBI,15.0833,18.15,14.95,18.15,15.5167,18.0833,-0.133333,0,0,0,0,0,0,False,Z,False,,0
2010-04-27,DL:2218,N302NB,MEM,LGA,15.15,18.1167,14.9667,17.6,15.4333,17.5167,-0.183333,-0.516667,0,0,0,0,0,False,Z,False,,0
2010-04-27,AA:633,N5EBAA,LGA,MIA,15.1667,18.4167,15.1333,18.2333,15.4833,18.0333,-0.0333333,-0.183333,0,0,0,0,0,False,Z,False,,0
2010-04-27,DL:2508,N322NB,LGA,TPA,15.25,18.2167,15.4,18.3833,15.8333,18.3167,0.15,0.166667,0,0,0,0,0,False,Z,False,,0
2010-04-27,OH:6237,N712CA,LGA,SAV,15.25,17.8,15.0833,17.8333,15.8,17.75,-0.166667,0.0333333,0,0,0,0,0,False,Z,False,,0
2010-04-27,DL:2472,N301NB,TPA,LGA,15.25,18,15.4167,17.7167,15.5667,17.6,0.166667,-0.283333,0,0,0,0,0,False,Z,False,,0
2010-04-27,MQ:4571,N717MQ,LGA,CMH,15.3333,17.25,15.2667,17.5,15.8,17.1833,-0.0666667,0.25,0,0,0.25,0,0,False,Z,False,,0
2010-04-27,AA:1104,N553AA,STL,LGA,15.3333,18,15.2667,17.6167,15.45,17.5333,-0.0666667,-0.383333,0,0,0,0,0,False,Z,False,,0
2010-04-27,9E:4176,85059E,LGA,LEX,15.4167,17.9167,15.3667,17.4667,15.9167,17.4167,-0.05,-0.45,0,0,0,0,0,False,Z,False,,0
2010-04-27,AA:360,N463AA,ORD,LGA,15.4167,17.8333,15.3167,17.3167,15.6,17.2333,-0.1,-0.516667,0,0,0,0,0,False,Z,False,,0
2010-04-27,WN:3135,N204WN,MDW,LGA,15.4167,17.5833,15.4333,17.4,15.6667,17.3333,0.0166667,-0.183333,0,0,0,0,0,False,Z,False,,0
2010-04-27,MQ:4612,N848MQ,LGA,RDU,15.5,17.3333,15.3833,17.2833,16,17.2,-0.116667,-0.05,0,0,0,0,0,False,Z,False,,0
2010-04-27,DL:1388,N907DL,LGA,BOS,15.5,16.7833,0,0,0,0,0,0,0,0,0,0,0,True,C,False,,0
2010-04-27,MQ:4557,N730MQ,CMH,LGA,15.5,17.4167,0,0,0,0,0,0,0,0,0,0,0,True,A,False,,0
2010-04-27,DL:1391,N916DE,BOS,LGA,15.5,16.7,15.4667,16.8,15.9667,16.7333,-0.0333333,0.1,0,0,0,0,0,False,Z,False,,0
2010-04-27,FL:509,N173AT,MKE,LGA,15.6,17.8333,15.5,17.8,15.8167,17.5833,-0.1,-0.0333333,0,0,0,0,0,False,Z,False,,0
2010-04-27,AA:1859,N459AA,LGA,BNA,15.6667,18.0833,15.6,17.9667,16.0833,17.8833,-0.0666667,-0.116667,0,0,0,0,0,False,Z,False,,0
2010-04-27,DL:1786,N636DL,ATL,LGA,15.6667,18.05,15.6333,17.45,15.7833,17.3167,-0.0333333,-0.6,0,0,0,0,0,False,Z,False,,0
2010-04-27,XE:2842,N14952,CLE,LGA,15.75,17.4,15.7,17.1167,15.8667,16.9167,-0.05,-0.283333,0,0,0,0,0,False,Z,False,,0
2010-04-27,MQ:4593,N725MQ,DTW,LGA,15.7667,17.1667,15.7167,16.75,16.0833,16.6667,-0.05,-0.416667,0,0,0,0,0,False,Z,False,,0
2010-04-27,OH:6735,N595SW,LGA,ORF,15.7833,17.35,15.7833,17.2167,16.25,17.1667,0,-0.133333,0,0,0,0,0,False,Z,False,,0
2010-04-27,UA:776,N442UA,DEN,LGA,15.8167,19.8333,15.75,19.2667,16,19.2,-0.0666667,-0.566667,0,0,0,0,0,False,Z,False,,0
2010-04-27,MQ:4430,N806MQ,RDU,LGA,15.8333,17.5833,16.15,17.8,16.6167,17.6833,0.316667,0.216667,0,0,0,0,0,False,Z,False,,0
2010-04-27,DL:2376,N359NB,MSP,LGA,15.9167,18.9833,15.9,18.4833,16.1333,18.3833,-0.0166667,-0.5,0,0,0,0,0,False,Z,False,,0
2010-04-27,FL:367,N953AT,LGA,ATL,15.9833,18.5833,15.8667,18.5167,16.1833,18.3167,-0.116667,-0.0666667,0,0,0,0,0,False,Z,False,,0
2010-04-27,OH:6711,N676CA,LGA,MCI,15.9833,19.3833,15.8667,19.0667,16.4833,18.95,-0.116667,-0.316667,0,0,0,0,0,False,Z,False,,0
2010-04-27,DL:2548,N371NB,RSW,LGA,15.9833,18.9,15.9667,18.5667,16.15,18.5,-0.0166667,-0.333333,0,0,0,0,0,False,Z,False,,0
2010-04-27,UA:687,N851UA,LGA,ORD,16,18.4667,15.9,18.1333,16.2667,18.0833,-0.1,-0.333333,0,0,0,0,0,False,Z,False,,0
2010-04-27,DL:1789,N678DL,LGA,ATL,16,18.6167,15.8667,18.6167,16.35,18.4167,-0.133333,0,0,0,0,0,0,False,Z,False,,0
2010-04-27,US:2134,N948UW,LGA,BOS,16,17.25,15.8667,17.2667,16.5333,17.1333,-0.133333,0.0166667,0,0,0,0,0,False,Z,False,,0
2010-04-27,US:2181,N767UW,LGA,DCA,16,17.25,15.9,16.9667,16.25,16.9167,-0.1,-0.283333,0,0,0,0,0,False,Z,False,,0
2010-04-27,UA:686,N836UA,ORD,LGA,16,18.35,15.9167,17.8667,16.1167,17.8,-0.0833333,-0.483333,0,0,0,0,0,False,Z,False,,0
2010-04-27,US:2135,N954UW,BOS,LGA,16,17.25,15.9,17.1167,16.1,16.9833,-0.1,-0.133333,0,0,0,0,0,False,Z,False,,0
2010-04-27,OH:6587,N693CA,RDU,LGA,16,17.8667,15.8333,17.25,16.1,17.0833,-0.166667,-0.616667,0,0,0,0,0,False,Z,False,,0
2010-04-27,US:2178,N763US,DCA,LGA,16,17.2833,15.8833,17.0333,16.2667,16.95,-0.116667,-0.25,0,0,0,0,0,False,Z,False,,0
2010-04-27,DL:2334,N355NB,DTW,LGA,16.0167,17.4667,16.25,17.1833,16.45,17.05,0.233333,-0.283333,0,0,0,0,0,False,Z,False,,0
2010-04-27,AA:341,N596AA,LGA,ORD,16.0833,18.75,15.9667,18.2667,16.3333,18.1667,-0.116667,-0.483333,0,0,0,0,0,False,Z,False,,0
2010-04-27,WN:1686,N406WN,LGA,BWI,16.0833,17.5,16.0167,17.5,16.75,17.4333,-0.0666667,0,0,0,0,0,0,False,Z,False,,0
2010-04-27,DL:1818,N995DL,MCO,LGA,16.0833,18.8,16.2667,18.5,16.4333,18.4167,0.183333,-0.3,0,0,0,0,0,False,Z,False,,0
2010-04-27,DL:2534,N361NB,PBI,LGA,16.0833,18.9333,16.2667,19.05,16.5667,18.9167,0.183333,0.116667,0,0,0,0,0,False,Z,False,,0
2010-04-27,AA:1527,N612AA,LGA,MIA,16.1667,19.5,16.0833,19.3167,16.6833,19.2167,-0.0833333,-0.183333,0,0,0,0,0,False,Z,False,,0
2010-04-27,AA:738,N537AA,DFW,LGA,16.1667,19.9167,0,0,0,0,0,0,0,0,0,0,0,True,A,False,,0
2010-04-27,US:1490,N536UW,CLT,LGA,16.1833,18.1833,16.2667,18.1167,16.7833,18.0167,0.0833333,-0.0666667,0,0,0,0,0,False,Z,False,,0
2010-04-27,DL:2165,N325NB,LGA,MSP,16.2,19.3333,16.0833,18.8667,16.6167,18.8167,-0.116667,-0.466667,0,0,0,0,0,False,Z,False,,0
2010-04-27,CO:1057,N62631,LGA,CLE,16.25,18.0667,16.0833,17.9333,16.65,17.8333,-0.166667,-0.133333,0,0,0,0,0,False,Z,False,,0
2010-04-27,AA:358,N565AA,ORD,LGA,16.3333,18.75,16.1833,18.1833,16.4167,18.1,-0.15,-0.566667,0,0,0,0,0,False,Z,False,,0
2010-04-27,AA:616,N617AA,MIA,LGA,16.3333,19.5,16.3667,19.3333,16.8667,19.2833,0.0333333,-0.166667,0,0,0,0,0,False,Z,False,,0
2010-04-27,B6:369,N615JB,LGA,PBI,16.3667,19.3667,16.2,19.2833,16.8333,19.2333,-0.166667,-0.0833333,0,0,0,0,0,False,Z,False,,0
2010-04-27,MQ:4482,N720MQ,LGA,RDU,16.4167,18.25,16.4167,18.3,17.0833,18.2,0,0.05,0,0,0,0,0,False,Z,False,,0
2010-04-27,OH:6674,N675BR,RIC,LGA,16.4167,17.6833,16.25,18,17.1167,17.8667,-0.166667,0.316667,0,0,0.316667,0,0,False,Z,False,,0
2010-04-27,FL:369,N968AT,LGA,ATL,16.4833,19.0667,16.3167,19.1,16.9,18.9667,-0.166667,0.0333333,0,0,0,0,0,False,Z,False,,0
2010-04-27,OH:6768,N812CA,LGA,PWM,16.4833,17.9,16.4833,17.8333,17.05,17.7167,0,-0.0666667,0,0,0,0,0,False,Z,False,,0
2010-04-27,DL:2319,N342NB,LGA,DTW,16.5,19.15,16.75,19.3833,17.3,19.2667,0.25,0.233333,0,0,0,0,0,False,Z,False,,0
2010-04-27,DL:1390,N914DE,LGA,BOS,16.5,17.75,16.5,17.7167,17,17.5667,0,-0.0333333,0,0,0,0,0,False,Z,False,,0
2010-04-27,DL:1393,N906DE,BOS,LGA,16.5,17.8,16.5167,18.1333,17.15,18.05,0.0166667,0.333333,0,0,0.333333,0,0,False,Z,False,,0
2010-04-27,MQ:4523,N827MQ,BOS,LGA,16.5,17.8333,16.3833,17.4667,16.5667,17.4167,-0.116667,-0.366667,0,0,0,0,0,False,Z,False,,0
2010-04-27,AA:740,N3DMAA,DFW,LGA,16.5,20.25,16.5333,19.6,16.75,19.5333,0.0333333,-0.65,0,0,0,0,0,False,Z,False,,0
2010-04-27,FL:401,N943AT,ATL,LGA,16.5,18.8167,16.7333,18.7667,17.15,18.7,0.233333,-0.05,0,0,0,0,0,False,Z,False,,0
2010-04-27,AA:2223,N575AA,LGA,STL,16.5833,19.3333,16.5,19.0667,17.0167,19.0333,-0.0833333,-0.266667,0,0,0,0,0,False,Z,False,,0
2010-04-27,OH:6269,N962CA,LGA,IND,16.5833,19.7833,16.5,19.9333,17.1167,19.7333,-0.0833333,0.15,0,0,0,0,0,False,Z,False,,0
2010-04-27,FL:896,N891AT,IND,LGA,16.6333,17.9833,16.5167,17.5333,16.7833,17.4667,-0.116667,-0.45,0,0,0,0,0,False,Z,False,,0
2010-04-27,DL:1788,N625DL,ATL,LGA,16.6667,19.1167,16.6167,18.7333,16.9667,18.5333,-0.05,-0.383333,0,0,0,0,0,False,Z,False,,0
2010-04-27,CO:632,N24211,IAH,LGA,16.7167,20.5,16.7333,20.3833,17.1,20.2667,0.0166667,-0.116667,0,0,0,0,0,False,Z,False,,0
2010-04-27,DL:1446,N918DE,LGA,CVG,16.75,19.0167,16.5833,18.8167,17.15,18.75,-0.166667,-0.2,0,0,0,0,0,False,Z,False,,0
2010-04-27,DL:2387,N347NB,LGA,MEM,16.75,19.6,16.6167,19.4167,17.1333,19.3333,-0.133333,-0.183333,0,0,0,0,0,False,Z,False,,0
2010-04-27,MQ:4435,N800MQ,RDU,LGA,16.8333,18.5833,16.7167,18.1167,17,18.0667,-0.116667,-0.466667,0,0,0,0,0,False,Z,False,,0
2010-04-27,XE:5687,N12175,LGA,IAD,16.85,18.2167,16.8,18.2333,17.25,18.1,-0.05,0.0166667,0,0,0,0,0,False,Z,False,,0
2010-04-27,FL:510,N944AT,LGA,MKE,16.9,19.2333,16.9333,19.2667,17.35,19.15,0.0333333,0.0333333,0,0,0,0,0,False,Z,False,,0
2010-04-27,UA:688,N434UA,ORD,LGA,16.9,19.15,16.8667,18.7,17.0167,18.65,-0.0333333,-0.45,0,0,0,0,0,False,Z,False,,0
2010-04-27,MQ:4635,N723MQ,LGA,BOS,16.9167,18.1667,16.8,19.1667,18.2667,19.0833,-0.116667,1,0,0,1,0,0,False,Z,False,,0
2010-04-27,CO:1433,N38727,LGA,IAH,17,20.9,17.0167,21.0167,17.3667,20.8667,0.0166667,0.116667,0,0,0,0,0,False,Z,False,,0
2010-04-27,UA:689,N473UA,LGA,ORD,17,19.55,16.9333,19.4333,17.4,19.2667,-0.0666667,-0.116667,0,0,0,0,0,False,Z,False,,0
2010-04-27,DL:1791,N681DA,LGA,ATL,17,19.6667,17,19.8167,17.5833,19.7,0,0.15,0,0,0,0,0,False,Z,False,,0
2010-04-27,US:2136,N953UW,LGA,BOS,17,18.2167,16.9333,18.25,17.45,18.1667,-0.0666667,0.0333333,0,0,0,0,0,False,Z,False,,0
2010-04-27,US:2183,N750UW,LGA,DCA,17,18.2333,16.85,18.2667,17.4833,18.2167,-0.15,0.0333333,0,0,0,0,0,False,Z,False,,0
2010-04-27,OH:6525,N797CA,LGA,RIC,17,18.5667,21.1667,22.6667,21.6167,22.5,4.16667,4.1,4.1,0,0,0,0,False,Z,False,,0
2010-04-27,US:2137,N968UW,BOS,LGA,17,18.3167,16.8667,18.2333,17.3,18.1667,-0.133333,-0.0833333,0,0,0,0,0,False,Z,False,,0
2010-04-27,US:2180,N751UW,DCA,LGA,17,18.4167,16.9,18.1833,17.45,18.1333,-0.1,-0.233333,0,0,0,0,0,False,Z,False,,0
2010-04-27,OH:6502,N691CA,CVG,LGA,17,18.9833,16.95,18.8167,17.1833,18.6333,-0.05,-0.166667,0,0,0,0,0,False,Z,False,,0
2010-04-27,F9:976,N904FR,MKE,LGA,17,19.3167,17.8,19.9667,17.9333,19.8167,0.8,0.65,0,0,0,0,0.65,False,Z,False,,0
2010-04-27,MQ:4528,N825MQ,CLE,LGA,17,18.9167,16.8833,18.2833,17.15,18.2167,-0.116667,-0.633333,0,0,0,0,0,False,Z,False,,0
2010-04-27,YV:7308,N506MJ,IAD,LGA,17.05,18.5167,17,18.2333,17.5,18.1833,-0.05,-0.283333,0,0,0,0,0,False,Z,False,,0
2010-04-27,US:1602,N103US,LGA,CLT,17.0833,19.1667,17,19.45,17.5333,19.1667,-0.0833333,0.283333,0,0,0.283333,0,0,False,Z,False,,0
2010-04-27,XE:3084,N29917,CLE,LGA,17.0833,18.8167,16.9333,18.3167,17.1833,18.2333,-0.15,-0.5,0,0,0,0,0,False,Z,False,,0
2010-04-27,AA:345,N483AA,LGA,ORD,17.1667,19.8333,17.1667,19.65,17.65,19.5167,0,-0.183333,0,0,0,0,0,False,Z,False,,0
2010-04-27,F9:516,N945FR,DEN,LGA,17.2333,20.9833,17.75,22.1167,18,21.15,0.516667,1.13333,0.516667,0,0.616667,0,0,False,Z,False,,0
2010-04-27,AA:742,N525AA,DFW,LGA,17.25,20.9833,17.2167,20.3167,17.4,20.25,-0.0333333,-0.666667,0,0,0,0,0,False,Z,False,,0
2010-04-27,MQ:4429,N713MQ,LGA,RDU,17.4167,19.25,17.35,19.0167,17.7833,18.9333,-0.0666667,-0.233333,0,0,0,0,0,False,Z,False,,0
2010-04-27,AA:352,N554AA,ORD,LGA,17.4167,19.9167,17.4667,19.45,17.7333,19.4,0.05,-0.466667,0,0,0,0,0,False,Z,False,,0
2010-04-27,B6:364,N775JB,PBI,LGA,17.4167,20.3167,18,20.5667,18.2167,20.4833,0.583333,0.25,0,0,0,0,0.25,False,Z,False,,0
2010-04-27,9E:3688,86949E,LGA,GSP,17.4833,19.8167,17.1833,19.2833,17.7167,19.2333,-0.3,-0.533333,0,0,0,0,0,False,Z,False,,0
2010-04-27,DL:1392,N916DE,LGA,BOS,17.5,18.7333,17.5,18.7833,18.0167,18.65,0,0.05,0,0,0,0,0,False,Z,False,,0
2010-04-27,AA:771,N556AA,LGA,DFW,17.5,21.3333,17.45,21,17.85,20.9167,-0.05,-0.333333,0,0,0,0,0,False,Z,False,,0
2010-04-27,F9:511,N201FR,LGA,DEN,17.5,22.1667,17.45,21.85,17.9333,21.7167,-0.05,-0.316667,0,0,0,0,0,False,Z,False,,0
2010-04-27,UA:409,N595UA,LGA,DEN,17.5,22.1667,17.35,21.55,17.8167,21.45,-0.15,-0.616667,0,0,0,0,0,False,Z,False,,0
2010-04-27,DL:1395,N907DL,BOS,LGA,17.5,18.75,0,0,0,0,0,0,0,0,0,0,0,True,C,False,,0
2010-04-27,WN:1142,N291WN,BWI,LGA,17.5,18.75,17.4667,18.5333,17.8167,18.4667,-0.0333333,-0.216667,0,0,0,0,0,False,Z,False,,0
2010-04-27,MQ:4576,N712MQ,DTW,LGA,17.6,19,17.4333,18.4167,17.65,18.3,-0.166667,-0.583333,0,0,0,0,0,False,Z,False,,0
2010-04-27,OH:6515,N538CA,JAX,LGA,17.6,20,17.5,19.75,17.8333,19.5667,-0.1,-0.25,0,0,0,0,0,False,Z,False,,0
2010-04-27,MQ:4518,N717MQ,CMH,LGA,17.6667,19.5,17.85,19.3833,18.0333,19.3,0.183333,-0.116667,0,0,0,0,0,False,Z,False,,0
2010-04-27,DL:1790,N610DL,ATL,LGA,17.6667,20.1667,17.65,20.15,18.4,20,-0.0166667,-0.0166667,0,0,0,0,0,False,Z,False,,0
2010-04-27,FL:422,N951AT,LGA,ATL,17.7,20.25,17.7,20.1167,18.1333,20.0167,0,-0.133333,0,0,0,0,0,False,Z,False,,0
2010-04-27,DL:2408,N327NB,LGA,DTW,17.75,20.3667,17.6667,20.4167,18.15,20.1167,-0.0833333,0.05,0,0,0,0,0,False,Z,False,,0
2010-04-27,MQ:4449,N848MQ,RDU,LGA,17.75,19.5,17.7167,19.1667,18.0333,19.1,-0.0333333,-0.333333,0,0,0,0,0,False,Z,False,,0
2010-04-27,OH:6430,N595SW,ORF,LGA,17.85,19.2,17.85,19,18,18.9167,0,-0.2,0,0,0,0,0,False,Z,False,,0
2010-04-27,B6:378,N516JB,FLL,LGA,17.8667,21,17.8833,20.5167,18.0833,20.45,0.0166667,-0.483333,0,0,0,0,0,False,Z,False,,0
2010-04-27,UA:690,N538UA,ORD,LGA,17.9167,20.4833,17.85,19.8,18.05,19.7333,-0.0666667,-0.683333,0,0,0,0,0,False,Z,False,,0
2010-04-27,DL:2632,N336NB,MSY,LGA,17.9167,21,17.8833,20.5,18.0667,20.4,-0.0333333,-0.5,0,0,0,0,0,False,Z,False,,0
2010-04-27,DL:1489,N974DL,LGA,MCO,17.9833,20.8833,17.8833,20.7833,18.3667,20.6833,-0.1,-0.1,0,0,0,0,0,False,Z,False,,0
2010-04-27,OH:6571,N814CA,LGA,ORF,17.9833,19.4,17.9167,19.3833,18.4667,19.3,-0.0666667,-0.0166667,0,0,0,0,0,False,Z,False,,0
2010-04-27,AA:347,N552AA,LGA,ORD,18,20.5833,17.9,20.3333,18.3333,20.1333,-0.1,-0.25,0,0,0,0,0,False,Z,False,,0
2010-04-27,DL:1793,N660DL,LGA,ATL,18,20.6667,18.0333,20.6833,18.6167,20.45,0.0333333,0.0166667,0,0,0,0,0,False,Z,False,,0
2010-04-27,US:2138,N954UW,LGA,BOS,18,19.3,17.8833,19.4333,18.5833,19.35,-0.116667,0.133333,0,0,0,0,0,False,Z,False,,0
2010-04-27,US:2185,N763US,LGA,DCA,18,19.2167,17.8667,18.9333,18.25,18.9,-0.133333,-0.283333,0,0,0,0,0,False,Z,False,,0
2010-04-27,XE:2937,N14952,LGA,CLE,18,19.7833,17.85,19.5167,18.2167,19.4167,-0.15,-0.266667,0,0,0,0,0,False,Z,False,,0
2010-04-27,US:2139,N948UW,BOS,LGA,18,19.35,17.8667,19.2,18.3833,19.1333,-0.133333,-0.15,0,0,0,0,0,False,Z,False,,0
2010-04-27,US:2182,N767UW,DCA,LGA,18,19.4167,17.8667,19.25,18.5333,19.1667,-0.133333,-0.166667,0,0,0,0,0,False,Z,False,,0
2010-04-27,UA:406,N572UA,DEN,LGA,18,21.9667,19.4667,22.85,19.7167,22.7833,1.46667,0.883333,0,0,0,0,0.883333,False,Z,False,,0
2010-04-27,UA:691,N832UA,LGA,ORD,18.0333,20.5,17.9167,20.35,18.4167,20.1667,-0.116667,-0.15,0,0,0,0,0,False,Z,False,,0
2010-04-27,FL:283,N960AT,PHF,LGA,18.0333,19.3167,17.95,19.0167,18.15,18.9667,-0.0833333,-0.3,0,0,0,0,0,False,Z,False,,0
2010-04-27,9E:3979,80269E,IND,LGA,18.0667,19.6333,18.1167,19.1833,18.3333,19.0167,0.05,-0.45,0,0,0,0,0,False,Z,False,,0
2010-04-27,WN:3222,N204WN,LGA,MDW,18.0833,20.5833,18.0667,20.2667,18.4833,20.2,-0.0166667,-0.316667,0,0,0,0,0,False,Z,False,,0
2010-04-27,DL:2424,N329NW,DTW,LGA,18.1,19.5,18.2,19.3,18.4833,19.0667,0.1,-0.2,0,0,0,0,0,False,Z,False,,0
2010-04-27,DL:1509,N907DE,LGA,FLL,18.1667,21.2833,20.6667,23.9167,21.25,23.85,2.5,2.63333,0,0,0.133333,0,2.5,False,Z,False,,0
2010-04-27,MQ:4413,N728MQ,LGA,XNA,18.1667,21.5833,18.0833,21.2667,18.5167,21.1167,-0.0833333,-0.316667,0,0,0,0,0,False,Z,False,,0
2010-04-27,FL:365,N923AT,ATL,LGA,18.1833,20.4833,18.1667,20.5833,18.85,20.5167,-0.0166667,0.1,0,0,0,0,0,False,Z,False,,0
2010-04-27,DL:2153,N355NB,LGA,MSP,18.25,21.3,18.1333,21.05,18.65,20.9333,-0.116667,-0.25,0,0,0,0,0,False,Z,False,,0
2010-04-27,AA:744,N573AA,DFW,LGA,18.25,21.9833,18.3667,21.5167,18.5333,21.4167,0.116667,-0.466667,0,0,0,0,0,False,Z,False,,0
2010-04-27,DL:2514,N368NB,MSP,LGA,18.25,21.2833,18.1667,20.7167,18.3667,20.5667,-0.0833333,-0.566667,0,0,0,0,0,False,Z,False,,0
2010-04-27,US:1630,N194UW,CLT,LGA,18.25,20.2167,18.2333,19.8833,18.55,19.7833,-0.0166667,-0.333333,0,0,0,0,0,False,Z,False,,0
2010-04-27,OH:6232,N712CA,SAV,LGA,18.3333,20.7,18.1667,20.0333,18.3333,19.8333,-0.166667,-0.666667,0,0,0,0,0,False,Z,False,,0
2010-04-27,9E:4175,85059E,LEX,LGA,18.4167,20.5,18.35,20.3167,18.5833,20.0667,-0.0666667,-0.183333,0,0,0,0,0,False,Z,False,,0
2010-04-27,B6:381,N613JB,LGA,FLL,18.4833,21.6,18.3167,21.3167,18.6667,21.25,-0.166667,-0.283333,0,0,0,0,0,False,Z,False,,0
2010-04-27,DL:1394,N906DE,LGA,BOS,18.5,19.7667,18.9833,20.25,19.4667,20.15,0.483333,0.483333,0,0,0.35,0,0.133333,False,Z,False,,0
2010-04-27,FL:897,N173AT,LGA,IND,18.5,21.65,18.3333,21.2333,18.65,21.1667,-0.166667,-0.416667,0,0,0,0,0,False,Z,False,,0
2010-04-27,MQ:4555,N827MQ,LGA,CMH,18.5,20.3333,18.4,20.1333,18.7667,20.0667,-0.1,-0.2,0,0,0,0,0,False,Z,False,,0
2010-04-27,DL:1397,N914DE,BOS,LGA,18.5,19.8333,18.45,19.9833,19.05,19.8833,-0.05,0.15,0,0,0,0,0,False,Z,False,,0
2010-04-27,MQ:4506,N723MQ,BOS,LGA,18.5833,19.8333,19.5333,20.7,19.8,20.5833,0.95,0.866667,0,0,0,0,0.866667,False,Z,False,,0
2010-04-27,OH:6536,N819CA,RDU,LGA,18.5833,20.5833,18.5,20.2667,19,20.1,-0.0833333,-0.316667,0,0,0,0,0,False,Z,False,,0
2010-04-27,MQ:4517,N735MQ,LGA,CRW,18.6667,20.5,18.5833,20.0667,18.8833,20.0167,-0.0833333,-0.433333,0,0,0,0,0,False,Z,False,,0
2010-04-27,MQ:4475,N716MQ,RDU,LGA,18.6667,20.5833,18.8,20.2167,19.05,20.1333,0.133333,-0.366667,0,0,0,0,0,False,Z,False,,0
2010-04-27,AA:1876,N5EJAA,MIA,LGA,18.6667,21.9167,18.6833,21.4833,18.9833,21.3833,0.0166667,-0.433333,0,0,0,0,0,False,Z,False,,0
2010-04-27,DL:1792,N623DL,ATL,LGA,18.6667,21.1167,18.9167,21.1,19.2667,20.9,0.25,-0.0166667,0,0,0,0,0,False,Z,False,,0
2010-04-27,CO:1632,N16649,IAH,LGA,18.6667,22.5333,18.6,22.3167,18.95,22.2,-0.0666667,-0.216667,0,0,0,0,0,False,Z,False,,0
2010-04-27,FL:357,N891AT,LGA,ATL,18.7333,21.3333,18.55,21.2333,18.9833,20.9167,-0.183333,-0.1,0,0,0,0,0,False,Z,False,,0
2010-04-27,AA:1877,N5CKAA,LGA,MIA,18.75,21.9167,18.7,21.6667,19.0167,21.5667,-0.05,-0.25,0,0,0,0,0,False,Z,False,,0
2010-04-27,DL:2179,N301NB,LGA,DTW,18.75,21.4,18.7,21.0667,18.9667,20.9333,-0.05,-0.333333,0,0,0,0,0,False,Z,False,,0
2010-04-27,DL:1802,N994DL,FLL,LGA,18.75,21.8167,18.65,21.4833,18.9667,21.3333,-0.1,-0.333333,0,0,0,0,0,False,Z,False,,0
2010-04-27,MQ:4500,N719MQ,XNA,LGA,18.75,21.9833,18.6,21.4,18.7333,21.2667,-0.15,-0.583333,0,0,0,0,0,False,Z,False,,0
2010-04-27,DL:1112,N985DL,MCO,LGA,18.75,21.6,21.1,23.8667,21.35,23.3833,2.35,2.26667,0,0,0,0,2.26667,False,Z,False,,0
2010-04-27,AA:350,N580AA,ORD,LGA,18.9167,21.4167,18.85,20.85,19.1333,20.8,-0.0666667,-0.566667,0,0,0,0,0,False,Z,False,,0
2010-04-27,AA:1684,N459AA,BNA,LGA,18.9167,21.25,18.8,20.8167,18.95,20.7167,-0.116667,-0.433333,0,0,0,0,0,False,Z,False,,0
2010-04-27,OH:6725,N812CA,PWM,LGA,18.95,20.5,18.8667,20.5667,19.1,20.1,-0.0833333,0.0666667,0,0,0,0,0,False,Z,False,,0
2010-04-27,CO:233,N15710,LGA,IAH,18.9833,22.7833,18.85,22.6833,19.3,22.6167,-0.133333,-0.1,0,0,0,0,0,False,Z,False,,0
2010-04-27,AA:353,N463AA,LGA,ORD,18.9833,21.4833,18.8667,21.0667,19.1167,20.9333,-0.116667,-0.416667,0,0,0,0,0,False,Z,False,,0
2010-04-27,DL:1142,N983DL,PBI,LGA,18.9833,22,19,21.8,19.25,21.4833,0.0166667,-0.2,0,0,0,0,0,False,Z,False,,0
2010-04-27,DL:2308,N322NB,TPA,LGA,18.9833,21.8167,19.05,21.5333,19.25,21.4333,0.0666667,-0.283333,0,0,0,0,0,False,Z,False,,0
2010-04-27,DL:1795,N636DL,LGA,ATL,19,21.7167,18.8833,21.7667,19.5667,21.3333,-0.116667,0.05,0,0,0,0,0,False,Z,False,,0
2010-04-27,US:2140,N968UW,LGA,BOS,19,20.2333,18.8667,20.0667,19.3333,20.0167,-0.133333,-0.166667,0,0,0,0,0,False,Z,False,,0
2010-04-27,US:2187,N751UW,LGA,DCA,19,20.2167,18.8333,20.0833,19.25,20.0333,-0.166667,-0.133333,0,0,0,0,0,False,Z,False,,0
2010-04-27,AA:785,N553AA,LGA,DFW,19,22.75,18.8833,22.5833,19.35,22.4667,-0.116667,-0.166667,0,0,0,0,0,False,Z,False,,0
2010-04-27,OH:6355,N675BR,LGA,SAV,19,21.5,18.8333,21.25,19.3333,21.1667,-0.166667,-0.25,0,0,0,0,0,False,Z,False,,0
2010-04-27,OH:6504,N693CA,LGA,JAX,19,21.5833,18.8333,21.6667,19.5167,21.5833,-0.166667,0.0833333,0,0,0,0,0,False,Z,False,,0
2010-04-27,UA:836,N839UA,ORD,LGA,19,21.4333,18.95,20.8833,19.1833,20.8333,-0.05,-0.55,0,0,0,0,0,False,Z,False,,0
2010-04-27,US:2141,N953UW,BOS,LGA,19,20.3167,18.95,20.3833,19.55,20.3333,-0.05,0.0666667,0,0,0,0,0,False,Z,False,,0
2010-04-27,US:2184,N750UW,DCA,LGA,19,20.4167,18.8833,20.45,19.6833,20.35,-0.116667,0.0333333,0,0,0,0,0,False,Z,False,,0
2010-04-27,UA:693,N836UA,LGA,ORD,19.0333,21.5,18.9333,21.1833,19.1833,21.0333,-0.1,-0.316667,0,0,0,0,0,False,Z,False,,0
2010-04-27,YV:7308,N506MJ,LGA,IAD,19.1,20.4667,19,20.2833,19.3833,20.2333,-0.1,-0.183333,0,0,0,0,0,False,Z,False,,0
2010-04-27,FL:364,N927AT,ATL,LGA,19.1167,21.4833,19.0333,21.0667,19.3667,21.0167,-0.0833333,-0.416667,0,0,0,0,0,False,Z,False,,0
2010-04-27,AA:1551,N502AA,LGA,BNA,19.1667,21.5833,19.0667,21.35,19.45,21.25,-0.1,-0.233333,0,0,0,0,0,False,Z,False,,0
2010-04-27,B6:396,N595JB,MCO,LGA,19.1667,21.8667,19.1,21.4,19.3167,21.3167,-0.0666667,-0.466667,0,0,0,0,0,False,Z,False,,0
2010-04-27,MQ:4473,N800MQ,LGA,BOS,19.25,20.4167,19.2,20.1833,19.55,20.1333,-0.05,-0.233333,0,0,0,0,0,False,Z,False,,0
2010-04-27,WN:1229,N291WN,LGA,MDW,19.25,21.75,19.1,21.35,19.5333,21.3,-0.15,-0.4,0,0,0,0,0,False,Z,False,,0
2010-04-27,AA:762,N488AA,DFW,LGA,19.25,22.6667,19.2667,22.4333,19.5,22.3667,0.0166667,-0.233333,0,0,0,0,0,False,Z,False,,0
2010-04-27,XE:3087,N29917,LGA,CLE,19.4167,21.1333,19.25,20.8333,19.6,20.7333,-0.166667,-0.3,0,0,0,0,0,False,Z,False,,0
2010-04-27,FL:915,N943AT,LGA,PHF,19.4833,20.9333,19.3,20.5333,19.6167,20.4667,-0.183333,-0.4,0,0,0,0,0,False,Z,False,,0
2010-04-27,DL:2463,N302NB,LGA,MSY,19.5,22.8,19.4667,22.7,19.9,22.65,-0.0333333,-0.1,0,0,0,0,0,False,Z,False,,0
2010-04-27,DL:1399,N916DE,BOS,LGA,19.5,20.7333,19.45,20.6667,19.75,20.55,-0.05,-0.0666667,0,0,0,0,0,False,Z,False,,0
2010-04-27,MQ:4438,N825MQ,LGA,RDU,19.6667,21.3333,19.5167,21.3167,20.0167,21.1833,-0.15,-0.0166667,0,0,0,0,0,False,Z,False,,0
2010-04-27,AA:348,N596AA,ORD,LGA,19.6667,22.0833,19.6667,21.5667,19.8667,21.5167,0,-0.516667,0,0,0,0,0,False,Z,False,,0
2010-04-27,MQ:4445,N713MQ,RDU,LGA,19.6667,21.5833,19.55,21.05,19.8833,20.9667,-0.116667,-0.533333,0,0,0,0,0,False,Z,False,,0
2010-04-27,AA:1226,N5CDAA,MIA,LGA,19.6667,22.6667,19.6,22.3333,19.9667,22.2833,-0.0666667,-0.333333,0,0,0,0,0,False,Z,False,,0
2010-04-27,DL:1794,N678DL,ATL,LGA,19.6667,22.1167,19.6333,21.7167,19.9333,21.5667,-0.0333333,-0.4,0,0,0,0,0,False,Z,False,,0
2010-04-27,WN:845,N271LV,MDW,LGA,19.6667,21.9167,19.7167,21.7167,19.9833,21.6333,0.05,-0.2,0,0,0,0,0,False,Z,False,,0
2010-04-27,DL:2451,N359NB,LGA,DTW,19.75,22.3833,19.4833,22.1167,20.15,22.05,-0.266667,-0.266667,0,0,0,0,0,False,Z,False,,0
2010-04-27,FL:524,N291AT,MKE,LGA,19.75,21.9833,19.7333,21.75,19.9167,21.6667,-0.0166667,-0.233333,0,0,0,0,0,False,Z,False,,0
2010-04-27,AA:787,N4YFAA,LGA,DFW,19.8333,23.6667,0,0,0,0,0,0,0,0,0,0,0,True,A,False,,0
2010-04-27,CO:732,N23707,IAH,LGA,19.8333,23.45,19.9,23.0667,20.15,22.9667,0.0666667,-0.383333,0,0,0,0,0,False,Z,False,,0
2010-04-27,DL:2252,N314US,MEM,LGA,19.8333,22.75,20,22.4667,20.2167,22.35,0.166667,-0.283333,0,0,0,0,0,False,Z,False,,0
2010-04-27,UA:408,N828UA,DEN,LGA,19.85,23.4833,19.7667,22.9667,19.8833,22.9333,-0.0833333,-0.516667,0,0,0,0,0,False,Z,False,,0
2010-04-27,OH:6712,N676CA,MCI,LGA,19.9,23.0167,19.75,22.5333,19.9667,22.4,-0.15,-0.483333,0,0,0,0,0,False,Z,False,,0
2010-04-27,DL:2280,N325NB,MSP,LGA,19.9167,22.85,20.0333,22.6667,20.2167,22.5,0.116667,-0.183333,0,0,0,0,0,False,Z,False,,0
2010-04-27,F9:975,N904FR,LGA,MKE,19.9833,22.4833,21.7,23.6667,22.0333,23.6167,1.71667,1.18333,0.533333,0,0,0,0.65,False,Z,False,,0
2010-04-27,FL:208,N960AT,LGA,CAK,19.9833,21.5167,19.8167,21.3167,20.1667,21.2167,-0.166667,-0.2,0,0,0,0,0,False,Z,False,,0
2010-04-27,DL:1797,N625DL,LGA,ATL,20,22.6333,19.9167,22.1333,20.2167,21.9,-0.0833333,-0.5,0,0,0,0,0,False,Z,False,,0
2010-04-27,US:2142,N948UW,LGA,BOS,20,21.2667,19.9,21.05,20.3333,20.9667,-0.1,-0.216667,0,0,0,0,0,False,Z,False,,0
2010-04-27,US:2189,N767UW,LGA,DCA,20,21.2333,19.8333,20.9833,20.1167,20.7167,-0.166667,-0.25,0,0,0,0,0,False,Z,False,,0
2010-04-27,OH:6438,N691CA,LGA,CVG,20,22.2833,19.9167,22.0833,20.5167,21.9833,-0.0833333,-0.2,0,0,0,0,0,False,Z,False,,0
2010-04-27,US:2143,N954UW,BOS,LGA,20,21.25,19.95,21.2167,20.3333,21.1333,-0.05,-0.0333333,0,0,0,0,0,False,Z,False,,0
2010-04-27,US:2186,N763US,DCA,LGA,20,21.55,19.9,21.1333,20.35,21.0833,-0.1,-0.416667,0,0,0,0,0,False,Z,False,,0
2010-04-27,AA:766,N292AA,DFW,LGA,20,23.5,20.6333,23.8,20.8333,23.7333,0.633333,0.3,0.3,0,0,0,0,False,Z,False,,0
2010-04-27,US:1124,N733UW,CLT,LGA,20,21.8833,20.1667,21.8167,20.5,21.75,0.166667,-0.0666667,0,0,0,0,0,False,Z,False,,0
2010-04-27,DL:2361,N342NB,DTW,LGA,20.0167,21.4333,20.0167,21.1167,20.3,20.95,0,-0.316667,0,0,0,0,0,False,Z,False,,0
2010-04-27,UA:695,N434UA,LGA,ORD,20.0833,22.55,19.9167,22.1667,20.2667,21.9667,-0.166667,-0.383333,0,0,0,0,0,False,Z,False,,0
2010-04-27,DL:1809,N995DL,LGA,MCO,20.0833,22.9833,19.9167,23.2167,20.5667,23.1,-0.166667,0.233333,0,0,0,0,0,False,Z,False,,0
2010-04-27,B6:382,N586JB,FLL,LGA,20.0833,23.0667,20.0833,22.7167,20.3,22.6333,0,-0.35,0,0,0,0,0,False,Z,False,,0
2010-04-27,MQ:4620,N848MQ,LGA,DTW,20.1667,22.85,20.0167,22.75,20.6,22.6,-0.15,-0.1,0,0,0,0,0,False,Z,False,,0
2010-04-27,MQ:4491,N717MQ,LGA,CLE,20.1667,22,20.0167,21.9833,20.8167,21.9167,-0.15,-0.0166667,0,0,0,0,0,False,Z,False,,0
2010-04-27,OH:6490,N582CA,CVG,LGA,20.1667,22.25,20.1667,22.0833,20.4833,21.9,0,-0.166667,0,0,0,0,0,False,Z,False,,0
2010-04-27,AA:1060,N575AA,STL,LGA,20.1667,22.6667,20.0833,22.3667,20.25,22.3167,-0.0833333,-0.3,0,0,0,0,0,False,Z,False,,0
2010-04-27,DL:2461,N361NB,LGA,PBI,20.4167,23.4,20.4,23.5,20.8667,23.4333,-0.0166667,0.1,0,0,0,0,0,False,Z,False,,0
2010-04-27,DL:1398,N914DE,LGA,BOS,20.5,21.6833,20.4833,21.5167,20.8,21.4,-0.0166667,-0.166667,0,0,0,0,0,False,Z,False,,0
2010-04-27,MQ:4489,N734MQ,LGA,BOS,20.5,21.75,21.05,22.2333,21.6,22.15,0.55,0.483333,0.483333,0,0,0,0,False,Z,False,,0
2010-04-27,DL:2459,N371NB,LGA,TPA,20.5,23.45,20.2,23.5,20.9833,23.4333,-0.3,0.05,0,0,0,0,0,False,Z,False,,0
2010-04-27,9E:3693,80269E,LGA,CHS,20.5,22.9667,20.4167,22.95,21.0667,22.8167,-0.0833333,-0.0166667,0,0,0,0,0,False,Z,False,,0
2010-04-27,OH:6233,N595SW,LGA,BHM,20.5,23.1667,20.5,23,20.9667,22.9167,0,-0.166667,0,0,0,0,0,False,Z,False,,0
2010-04-27,AA:1260,N612AA,MIA,LGA,20.5833,23.5,21.8333,24.2667,22,24.2167,1.25,0.766667,0,0.766667,0,0,0,False,Z,False,,0
2010-04-27,DL:1796,N643DL,ATL,LGA,20.6667,23.1167,20.6333,22.9833,21.25,22.8333,-0.0333333,-0.133333,0,0,0,0,0,False,Z,False,,0
2010-04-27,AA:1709,N617AA,LGA,MIA,20.75,23.6667,20.5167,23.6833,21.05,23.6,-0.233333,0.0166667,0,0,0,0,0,False,Z,False,,0
2010-04-27,OH:6543,N538CA,LGA,RDU,20.75,22.5333,20.5833,22.5167,21.2,22.35,-0.166667,-0.0166667,0,0,0,0,0,False,Z,False,,0
2010-04-27,AA:346,N483AA,ORD,LGA,20.8333,23.0833,20.7833,22.6833,20.9667,22.6,-0.05,-0.4,0,0,0,0,0,False,Z,False,,0
2010-04-27,FL:358,N283AT,ATL,LGA,20.9167,23.25,20.9333,22.9833,21.2833,22.9,0.0166667,-0.266667,0,0,0,0,0,False,Z,False,,0
2010-04-27,DL:1799,N610DL,LGA,ATL,21,23.4667,20.85,23.25,21.3833,23.1167,-0.15,-0.216667,0,0,0,0,0,False,Z,False,,0
2010-04-27,US:2144,N953UW,LGA,BOS,21,22.1667,20.8667,21.9167,21.25,21.8667,-0.133333,-0.25,0,0,0,0,0,False,Z,False,,0
2010-04-27,US:2191,N750UW,LGA,DCA,21,22.15,20.7833,22.1333,21.2167,22.0833,-0.216667,-0.0166667,0,0,0,0,0,False,Z,False,,0
2010-04-27,AA:2019,N565AA,LGA,STL,21,23.6667,20.9,23.4833,21.45,23.45,-0.1,-0.183333,0,0,0,0,0,False,Z,False,,0
2010-04-27,MQ:4588,N716MQ,LGA,CMH,21,22.8333,20.9167,22.65,21.3333,22.6167,-0.0833333,-0.183333,0,0,0,0,0,False,Z,False,,0
2010-04-27,US:2145,N968UW,BOS,LGA,21,22.1167,20.9667,21.8833,21.1667,21.8,-0.0333333,-0.233333,0,0,0,0,0,False,Z,False,,0
2010-04-27,US:2188,N751UW,DCA,LGA,21,22.2667,21.0167,22.0167,21.2833,21.9333,0.0166667,-0.25,0,0,0,0,0,False,Z,False,,0
2010-04-27,AA:371,N554AA,LGA,ORD,21.0833,23.5,21,23.3333,21.5,23.25,-0.0833333,-0.166667,0,0,0,0,0,False,Z,False,,0
2010-04-27,B6:399,N775JB,LGA,MCO,21.0833,23.65,21.0167,23.8667,21.55,23.7333,-0.0666667,0.216667,0,0,0,0,0,False,Z,False,,0
2010-04-27,AA:336,N4WUAA,ORD,LGA,21.1667,23.3333,21.1833,23.5167,21.8167,23.4667,0.0166667,0.183333,0,0,0,0,0,False,Z,False,,0
2010-04-27,WN:698,N778SW,MDW,LGA,21.1667,23.3333,21.6333,23.5833,21.75,23.4333,0.466667,0.25,0.25,0,0,0,0,False,Z,False,,0
2010-04-27,9E:3916,85059E,LGA,TYS,21.25,23.3333,21.3833,23.3,21.75,23.25,0.133333,-0.0333333,0,0,0,0,0,False,Z,False,,0
2010-04-27,OH:6434,N819CA,LGA,BGR,21.3333,22.9167,21.3333,23,21.9667,22.95,0,0.0833333,0,0,0,0,0,False,Z,False,,0
2010-04-27,AA:791,N3DMAA,LGA,DFW,21.4167,25,21.3167,24.7167,21.65,24.65,-0.1,-0.283333,0,0,0,0,0,False,Z,False,,0
2010-04-27,OH:6232,N712CA,LGA,PWM,21.45,22.7667,21.6667,23.0833,22.0667,22.9333,0.216667,0.316667,0.216667,0,0.1,0,0,False,Z,False,,0
2010-04-27,DL:676,N677DL,ATL,LGA,21.6667,23.9833,21.65,23.8167,21.9,23.5167,-0.0166667,-0.166667,0,0,0,0,0,False,Z,False,,0
2010-04-27,B6:383,N516JB,LGA,FLL,21.75,24.5833,21.4833,24.2833,21.7833,24.2333,-0.266667,-0.3,0,0,0,0,0,False,Z,False,,0
2010-04-27,UA:694,N836UA,ORD,LGA,21.75,23.9833,21.8,23.8667,22.1667,23.7667,0.05,-0.116667,0,0,0,0,0,False,Z,False,,0
2010-04-27,EV:7018,N830AS,IAD,LGA,21.95,23.2333,21.9,22.7833,22.1167,22.7333,-0.05,-0.45,0,0,0,0,0,False,Z,False,,0
2010-04-27,DL:2240,N377NW,DTW,LGA,22.1833,23.5333,22.1833,23.1833,22.4167,23,0,-0.35,0,0,0,0,0,False,Z,False,,0
2010-04-27,US:1290,N952UW,PHL,LGA,22.8333,23.7333,22.8,23.6333,23.1,23.55,-0.0333333,-0.1,0,0,0,0,0,False,Z,False,,0
